dt_seconds,frequency_hz
0.023031000047922134,43.41973852282721
0.016221099998801947,61.64810031834202
0.010730599984526634,93.19143397778178
0.015022199833765626,66.56814654750397
0.011924300109967588,83.86236431302953
0.010574900079518557,94.56354126095222
0.009746699826791883,102.59883014465925
0.00893120002001524,111.96703665341197
0.012342000147327779,81.02414422807428
0.009068399900570512,110.27303724630494
0.010098400060087442,99.02558762277249
0.008026399882510304,124.58885859637036
0.011197200044989586,89.30804093720468
0.010780700016766787,92.75835506458212
0.009797099977731705,102.07102124842531
0.012714900076389313,78.64788507909162
0.009256199933588505,108.0356957687617
0.012502300087362528,79.98528214906726
0.011963999830186367,83.58408677647253
0.0104977001901716,95.25895976113351
0.009140199981629848,109.40679657007718
0.013333400012925267,74.99962492917109
0.008640999905765057,115.72734763401921
0.01059919991530478,94.34674390432468
0.008007500087842345,124.88292089041416
0.011208500014618039,89.21800407688876
0.00919490004889667,108.75594021492313
0.010111700044944882,98.89533862309608
0.011618299875408411,86.07111287569926
0.009254500037059188,108.05554011513853
0.011267599882557988,88.75004530006247
0.010650900192558765,93.88877765455435
0.009485299931839108,105.42629196608964
0.009980499977245927,100.19538122136697
0.008448000065982342,118.37121119668446
0.009362999815493822,106.80337709130438
0.012098600156605244,82.65419032416315
0.011031700065359473,90.64785972019757
0.012273999862372875,81.47303333981581
0.013859899947419761,72.15059299083654
0.009995399974286556,100.04602142710924
0.012677500024437904,78.87990519205998
0.010356300044804811,96.55958167237972
0.013848300091922281,72.2110290333252
0.00927769998088479,107.78533494943136
0.011503899935632944,86.9270426199148
0.009664200013503432,103.4746796012848
0.011018600082024932,90.75563071132227
0.01051339996047318,95.11670855856916
0.012659299885854127,78.99330997896885
0.010430300142616034,95.87451811805572
0.009722499875351787,102.85420548424716
0.013206300092861055,75.72143544887119
0.009937399998307228,100.62994346311345
0.011260800063610077,88.80363689535325
0.008856199914589524,112.91524690546115
0.010550699895247817,94.78044204919657
0.010267300065606833,97.39658854909453
0.012910099932923911,77.45873426198317
0.011479700217023492,87.11028869177949
0.012789199827238917,78.19097469023531
0.010807299986481667,92.53004924919749
0.012952700024470687,77.20398049138524
0.01553199999034405,64.38320889915536
0.00947940000332892,105.49190873355127
0.008970400085672736,111.47774797661155
0.010645200032740831,93.93905205391701
0.012758899945765735,78.3766628981104
0.01038739993236959,96.27048217174772
0.012831100029870866,77.93564056643584
0.010067899944260716,99.32557986634122
0.011814000084996223,84.64533543300035
0.01081099989823997,92.49838214898142
0.012124400120228527,82.47830738706695
0.010251000057905912,97.55145784325371
0.011879599886015058,84.17791925612102
0.011675799963995814,85.64723642779587
0.012449400033801794,80.32515601433528
0.015156600158661604,65.97785714024566
0.010331399971619248,96.79230334195155
0.010179799981415272,98.2337572276123
0.01109389984048903,90.13962757716037
0.012960100080817938,77.15989797641193
0.014166499953716993,70.58906598433447
0.011886100051924586,84.13188477561914
0.012915200088173151,77.42814615127264
0.012967299902811645,77.117056557254
0.014477499993517997,69.07269904663993
0.013937599956989288,71.74836435870941
0.01020850008353591,97.95758356438499
0.013953499961644411,71.66660714149245
0.016335800057277083,61.21524482999114
0.014175900025293231,70.54225821399406
0.015122599899768831,66.126195669257
0.018624800024554133,53.69185165379726
0.012149699963629246,82.30655925607641
0.013012000126764178,76.85213574069337
0.015730099985376,63.572386757215945
0.0133755998685956,74.76300202040936
0.01877690013498068,53.25692701198514
0.01426189998164773,70.1168849372667
0.012417600024491549,80.53085926649872
0.016710099996998906,59.844046425790246
0.012893599923700094,77.55785862114982
0.015142600052058697,66.03885703657913
0.014743899926543236,67.82466002768467
0.0158120000269264,63.24310639369409
0.018290899926796556,54.671995582621875
0.018352500163018703,54.488488822632185
0.019134199945256114,52.2624412236231
0.022031799890100956,45.38893803448656
0.021494500106200576,46.523529045066155
0.01577459997497499,63.393049686610865
0.019386899890378118,51.581222663470214
0.013852200005203485,72.19069892322929
0.01684130006469786,59.37783877482028
0.016743300016969442,59.72538262985753
0.018232000060379505,54.848617633187125
0.019883899949491024,50.291944866962446
0.017049399903044105,58.65309076488105
0.018823500024154782,53.12508293977078
0.01986710005439818,50.33447243240817
0.017970599932596087,55.64644495736303
0.021477100206539035,46.56122057369433
0.014481099788099529,69.05552856018528
0.01629080018028617,61.38433894794932
0.014134899945929646,70.74687502743625
0.020716700004413724,48.27023607944067
0.017151799984276295,58.30291869755582
0.016375599894672632,61.06646513300093
0.013301200000569224,75.18118665663286
0.020967500051483512,47.692857877410475
0.014984300127252936,66.73651698828655
0.018662699963897467,53.58281502325362
0.013025499880313873,76.77248544690042
0.018056900007650256,55.3804916445417
0.013150700135156514,76.04157875417167
0.01640719990245998,60.948852085971545
0.019556600134819746,51.133632283023466
0.017758499830961227,56.31106284420154
0.019524400122463703,51.21796284278434
0.02119839983060956,47.17337195216234
0.020266400184482336,49.342754060767255
0.01744419988244772,57.32564443991471
0.01667549996636808,59.96821696601879
0.018914800137281418,52.86865273447863
0.01771059981547296,56.46336151338842
0.015576400095596911,64.19968631151667
0.01956739998422563,51.10541005990349
0.018650999991223216,53.61642809879255
0.01695420010946691,58.98243465002036
0.03004390001296997,33.284626815037306
0.012992499861866237,76.96748205747993
0.013451799983158708,74.33949369244066
0.014054600149393082,71.15108145166143
0.016090599820017815,62.148087155578324
0.011981500079855323,83.46200336644951
0.017303100088611245,57.79311192092055
0.015752800041809678,63.48077785193039
0.018389099976047873,54.3800404208209
0.017845199909061193,56.03747815076219
0.020812199916690588,48.048740834842654
0.01527850003913045,65.45145121830384
0.01556730014272034,64.23721459932312
0.016368299955502152,61.09369957286573
0.014657199848443268,68.22585557542284
0.021842400077730417,45.78251457904379
0.015417400049045684,64.86177934144601
0.019682100042700768,50.807586478601216
0.02126710000447929,47.0209854559098
0.016545899910852313,60.43793359006775
0.015035199932754041,66.51058878316007
0.01476890011690557,67.70984921587535
0.014043400064110756,71.20782683928482
0.020579499891027808,48.592045739458285
0.013621200108900665,73.41497019389341
0.01700160000473261,58.81799358422957
0.02111559989862144,47.35835139901881
0.014486100059002638,69.03169216883413
0.02085359999909997,47.95335098223614
0.015147699974477293,66.01662309690072
0.017589400056749582,56.85242229829606
0.01645009987987578,60.789904456650106
0.02454000012949109,40.749796035992844
0.015883899992331862,62.95683053171838
0.021570799872279167,46.35896702584076
0.020158200059086084,49.607603708112876
0.015116400085389614,66.15331655362347
0.015421899966895582,64.84285348410928
0.02281969995237887,43.82178565392371
0.016502999933436513,60.59504356986108
0.012627500109374521,79.19223847462972
0.023826600052416325,41.96989909597224
0.0164468998555094,60.80173216747708
0.013794299913570285,72.49371162477334
0.011508600087836385,86.89154131412693
0.01733619999140501,57.68276787853063
0.020255499985069036,49.36930713816649
0.021562600042670965,46.37659642255878
0.017010699957609177,58.786528625630304
0.013180900132283568,75.86735275770212
0.0208060999866575,48.06282775922822
0.01927979988977313,51.867758260833654
0.01757770008407533,56.89026409694853
0.02351469988934696,42.52658995035856
0.020575599977746606,48.60125590901568
0.015962500125169754,62.64682801306261
0.014869000064209104,67.25401813717666
0.01368109998293221,73.09353789151056
0.017550299875438213,56.97908338304282
0.02017090003937483,49.57636982226569
0.012690200004726648,78.80096449445522
0.015599699923768641,64.10379718114577
0.019916600082069635,50.20937287887165
0.021866600029170513,45.73184668242793
0.01570190000347793,63.686560211089265
0.024985299911350012,40.02353397990362
0.0188402000349015,53.07799270429711
0.018874699948355556,52.98097467701066
0.020360799971967936,49.11398380106707
0.017583200009539723,56.872469144265686
0.016743400134146214,59.7250255018762
0.01859260001219809,53.78483909425942
0.015441499883309005,64.76054836362871
0.010610900120809674,94.24271160924792
0.011332799913361669,88.23944723677454
0.009131700033321977,109.50863435624865
0.01306769996881485,76.5245607403315
0.011476099956780672,87.13761676580278
0.00876260013319552,114.12137776453835
0.011223600013181567,89.09797202551313
0.010099699953570962,99.012842420772
0.007579799974337221,131.92960281084993
0.00835200003348291,119.73180028628245
0.008462900063022971,118.16280383237768
0.008137099910527468,122.89390704251258
0.010115500073879957,98.85818720739077
0.009902799967676401,100.98154090399552
0.009484800044447184,105.43184835883216
0.010639599990099669,93.988495895571
0.009341999888420105,107.04346092313189
0.00895179994404316,111.7093775833803
0.008565700147300959,116.74468902756288
0.00764329987578094,130.83354261274837
0.007209900068119167,138.69817758249013
0.007437600055709481,134.45197274789587
0.009162799920886755,109.13694598094229
0.008650799980387092,115.59624569602563
0.008702500024810433,114.90950843424824
0.008543600095435977,117.04667690780654
0.011890199966728687,84.10287487159283
0.008042299887165427,124.34254057050066
0.008393800118938088,119.13555074343508
0.011588399996981025,86.29318976394644
0.008417299948632717,118.80294228583801
0.009064099984243512,110.32534964732737
0.010821199975907803,92.41119304942046
0.008523799944669008,117.31856759794373
0.009333400055766106,107.14209120203815
0.009690399980172515,103.19491476575742
0.008474100148305297,118.00662990748182
0.009611899964511395,104.03770364778588
0.010082699824124575,99.17978492301535
0.009021000005304813,110.85245531669975
0.007791700074449181,128.3416957076204
0.007887100102379918,126.78931255078807
0.010575899854302406,94.55460185670988
0.006908500101417303,144.74921984800238
0.009451400022953749,105.8044308326165
0.009109999984502792,109.76948427015593
0.009262199979275465,107.96571033205277
0.010437099961563945,95.81205542561032
0.010295300045982003,97.13170043939368
0.010285800090059638,97.22141119254456
0.01057719998061657,94.54297941161813
0.009014799958094954,110.92869555048054
0.008287299890071154,120.66656368958964
0.009176100138574839,108.97875839390221
0.009202999994158745,108.66021956261133
0.008125299820676446,123.07238158219104
0.009184400085359812,108.88027423740259
0.010401299921795726,96.14182914815474
0.008486500009894371,117.83420713298823
0.012468500062823296,80.2021089113718
0.009176600025966763,108.97282186979149
0.010108700022101402,98.92468841825612
0.010395099874585867,96.19917192376559
0.01229280000552535,81.34843156567433
0.012540800031274557,79.73972932398055
0.010212399996817112,97.92017550347313
0.010000400012359023,99.99600003641325
0.014021400129422545,71.31955373711911
0.01904109981842339,52.51797477750948
0.0097548000048846,102.51363426203119
0.014874600106850266,67.22869810392183
0.01590960007160902,62.85513121002449
0.012525999918580057,79.83394591250801
0.011605599895119667,86.16530028926083
0.010886900126934052,91.85351094808088
0.008572400081902742,116.65344482825847
0.008744899882003665,114.35236692165265
0.011664600111544132,85.72947125811262
0.009224699810147285,108.40461159505564
0.012440100079402328,80.38520539362446
0.01177849993109703,84.90045471408867
0.00824260013177991,121.32094048144245
0.017633500043302774,56.710238894393584
0.010497399838641286,95.26168530981987
0.009262900101020932,107.957549913529
0.009061699965968728,110.3545696453763
0.011750200064852834,85.10493391437626
0.008636599872261286,115.7863065083938
0.009783199988305569,102.21604395242441
0.012210500193759799,81.89672692614607
0.008511799853295088,117.48396546388247
0.011865600012242794,84.27723831649568
0.010351300006732345,96.6062233100783
0.013117700116708875,76.23287551193783
0.011264599859714508,88.77368148479836
0.011550500057637691,86.57633825461579
0.009714100044220686,102.94314403267246
0.009495199890807271,105.31637158772665
0.00809000013396144,123.60939226713325
0.009197099832817912,108.72992771392029
0.008105300134047866,123.37606053590889
0.007295399904251099,137.07267773179788
0.006398299941793083,156.2915163554768
0.005573900183662772,179.40759020605046
0.007832699920982122,127.66989800301357
0.007847300032153726,127.43236474998722
0.008073800010606647,123.85741518074366
0.008440899895504117,118.47078064894843
0.008616199949756265,116.06044495616516
0.006682200124487281,149.65130965405336
0.008182500023394823,122.21203753631177
0.01004799990914762,99.52229389349495
0.009906500112265348,100.94382361757498
0.007001799996942282,142.82041766927142
0.008611700031906366,116.12109064354284
0.012019800022244455,83.19605968063937
0.004890399985015392,204.4822515671696
0.007126899901777505,140.31346220403518
0.010755700059235096,92.97395748232832
0.006387899862602353,156.54597309116429
0.016109100077301264,62.076714105778194
0.013861000072211027,72.14486651687072
0.011809499934315683,84.67759054676233
0.011065799975767732,90.36852303401781
0.012956500053405762,77.18133723444386
0.013773799873888493,72.60160661225646
0.010471699992194772,95.49547836028191
0.008911400102078915,112.21581216701435
0.01023019989952445,97.74980057295703
0.010932300006970763,91.47205980099064
0.009690799983218312,103.19065523297492
0.01266370015218854,78.9658621084123
0.00863329996354878,115.83056354142279
0.007056799950078131,141.70729042544679
0.008896700106561184,112.40122607510563
0.009014999959617853,110.92623455124121
0.010706699918955564,93.39946085810816
0.00914139999076724,109.39243452972127
0.010704200016334653,93.42127374992955
0.0077470000833272925,129.08222398914776
0.011968399863690138,83.5533581254927
0.011369900079444049,87.95152050702073
0.011344700120389462,88.14688703870915
0.01225989987142384,81.5667346787117
0.010809100000187755,92.51464044024294
0.007042200071737169,142.00107776167172
0.009604200022295117,104.12111343772595
0.009900899836793542,101.00092077326329
0.008681799983605742,115.18348751276783
0.012146100169047713,82.330952822893
0.00851329998113215,117.46326362471419
0.010455199982970953,95.64618578590208
0.0082523999735713,121.17687014717501
0.009760899934917688,102.44956988265989
0.0097078001126647,103.00994956575279
0.006782700074836612,147.43391112190508
0.0074238998349756,134.7000932432821
0.008175899973139167,122.31069402577907
0.009327200008556247,107.21331150641741
0.009557700017467141,104.62768220099538
0.011208300013095142,89.21959608786852
0.007492500124499202,133.4667979157144
0.010481199948117137,95.4089231147281
0.009818800026550889,101.84543908582648
0.01024380000308156,97.62002378991956
0.009987300029024482,100.12716120411532
0.010587799828499556,94.44832884999059
0.008608500007539988,116.1642561566037
0.011214900063350798,89.16708970665755
0.010385999921709299,96.28345922762368
0.010060700122267008,99.3966610521204
0.012287899851799011,81.38087159406616
0.010799000039696693,92.60116643430317
0.010922000044956803,91.55832227465945
0.01057150005362928,94.59395496637131
0.01506190001964569,66.39268609509224
0.008638900006189942,115.75547804506132
0.008512099971994758,117.47982322694176
0.00892819999717176,112.00465942931119
0.011203600093722343,89.25702378116164
0.01075149979442358,93.01027941410224
0.011719000060111284,85.33151249002587
0.00909120007418096,109.99647921510422
0.010736099909991026,93.14369355573889
0.011331200134009123,88.25190519745831
0.009136399952694774,109.45230125406789
0.011044899933040142,90.5395255785488
0.009831400122493505,101.71491217330022
0.010019399924203753,99.80637638630544
0.009640400065109134,103.73013497844703
0.011084900004789233,90.21281198458712
0.011984099866822362,83.44389742349122
0.011644500074908137,85.87745232230495
0.01097259996458888,91.13610294982333
0.010499000083655119,95.24716563787857
0.009409499820321798,106.27557458902217
0.009358200011774898,106.85815634863074
0.009520200081169605,105.03980919244975
0.011201400076970458,89.27455435289309
0.008163999998942018,122.4889760080342
0.009783299872651696,102.21500035948064
0.009883400052785873,101.17975541404155
0.010933599900454283,91.46118470627874
0.008256100118160248,121.12256218894248
0.0073563000187277785,135.93790321957846
0.010971799958497286,91.14274811632288
0.008225700119510293,121.5701989461213
0.009908899897709489,100.9193765527046
0.012925999937579036,77.3634538781604
0.010851900093257427,92.149761000963
0.011039600009098649,90.58299206273934
0.011217399965971708,89.14721798576565
0.008128700079396367,123.02090004952667
0.008529499871656299,117.24016824515354
0.010683200089260936,93.60491160370844
0.010742999846115708,93.08386989892445
0.008164900122210383,122.4754724530889
0.009743900038301945,102.6283106424672
0.013198399916291237,75.7667600877638
0.00853120000101626,117.21680418708709
0.011409499915316701,87.6462603463933
0.012096000136807561,82.67195673692554
0.011400300078094006,87.71698930289807
0.01223629992455244,81.7240510747432
0.00775170000270009,129.00396037664999
0.012449400033801794,80.32515601433528
0.009463099995628,105.67361651699814
0.008455700008198619,118.26341982691005
0.00895920000039041,111.61710866555312
0.009396999841555953,106.41694337140909
0.013245600042864682,75.49676849397952
0.00894180010072887,111.83430503199098
0.011478799860924482,87.11712131197153
0.011706799967214465,85.4204396419649
0.009997500106692314,100.02500518410609
0.008734199916943908,114.49245603596162
0.01089010015130043,91.82652006011037
0.011180199915543199,89.44383888965676
0.01041460013948381,96.01904889356263
0.010294199921190739,97.1420807499073
0.010942799970507622,91.38428945929196
0.010374299949035048,96.39204620192359
0.008694899966940284,115.00994879782358
0.007916599977761507,126.31685354938944
0.009136800188571215,109.44750671584698
0.007490199990570545,133.50778367185197
0.009857899975031614,101.44148373718846
0.009525100002065301,104.98577440480129
0.009133900050073862,109.48225779982269
0.009916699957102537,100.83999761269173
0.010269799968227744,97.37288000679234
0.00876939995214343,114.03288770693808
0.009979800088331103,100.20240797901869
0.009676399873569608,103.34422027467346
0.007231299998238684,138.28772146689647
0.008127300068736076,123.04209165929268
0.009717500070109963,102.9071255760417
0.010460800025612116,95.59498294122918
0.008262199815362692,121.03314157817935
0.010540500050410628,94.87215931098476
0.010422500083222985,95.94626932262557
0.009420699905604124,106.14922564353489
0.010712499963119626,93.3488918032898
0.011906299972906709,83.9891487931215
0.011793400160968305,84.79318825368293
0.00854559987783432,117.01928645100878
0.008818899979814887,113.39282702931737
0.01832190016284585,54.5794918164577
0.010118699865415692,98.8269257217383
0.010428600013256073,95.89014812428066
0.010832000058144331,92.3190541573274
0.00907459994778037,110.19769529835837
0.00768840010277927,130.06607182663546
0.009112899890169501,109.73455344096838
0.007605300052091479,131.48725141028422
0.009388299891725183,106.51555782547986
0.009481000015512109,105.47410593438184
0.009375600144267082,106.65983879565002
0.009502599947154522,105.23435749807
0.00862440001219511,115.95009491512172
0.01029890007339418,97.09774761125853
0.010347799863666296,96.63890036289253
0.009070000145584345,110.25358147175353
0.009109099861234426,109.78033123291331
0.011529600014910102,86.73327771187188
0.010183800011873245,98.19517261082353
0.009628599975258112,103.8572588506766
0.009369400097057223,106.7304191987792
0.011812199838459492,84.65823586425344
0.00986450002528727,101.3736121888122
0.007678700145334005,130.23037507300688
0.008960400009527802,111.60216049916038
0.008591099875047803,116.39953143885849
0.009194599930197,108.75949009111203
0.010332400212064385,96.78293324646614
0.008797499816864729,113.66865823435528
0.009483000030741096,105.45186088350673
0.009084900142624974,110.07275636505365
0.010374199831858277,96.39297644229734
0.00999210006557405,100.07906180256509
0.010538900038227439,94.88656276961825
0.00865069986321032,115.59758352648414
0.009828800102695823,101.74181889463009
0.00942300003953278,106.12331484714531
0.012179200071841478,82.10719867489634
0.022470799973234534,44.502198461608934
0.008264399832114577,121.0009220650369
0.005770400166511536,173.2982065617374
0.005408899858593941,184.88047960643016
0.013199200155213475,75.76216651317435
0.007059699855744839,141.64908146714606
0.006259700050577521,159.75206350466263
0.006360400002449752,157.2228161145279
0.005075799999758601,197.01327870435375
0.006232999963685869,160.43638790728508
0.008518500020727515,117.39155926122729
0.011038800003007054,90.58955681121067
0.008369100047275424,119.4871604295795
0.00838869996368885,119.20798268248703
0.009587300010025501,104.30465292149965
0.00708530005067587,141.13728322692694
0.006395000033080578,156.372164945601
0.00986879994161427,101.32944288223426
0.007615800015628338,131.30596889990625
0.008253899868577719,121.1548499403248
0.008498199982568622,117.67197783662243
0.007264900021255016,137.64814341206161
0.00666860002093017,149.9565121406869
0.009734699968248606,102.72530260425813
0.008512800093740225,117.47016128516125
0.007497200043871999,133.383128921226
0.008868400007486343,112.75991150104197
0.007541100028902292,132.6066483891427
0.008367499802261591,119.5100117874777
0.00961280008777976,104.02796176644166
0.00798600004054606,125.21913284784092
0.008784800069406629,113.83298334614749
0.0093663998413831,106.76460720604193
0.009122000075876713,109.62508130695124
0.008337999926880002,119.93283866268756
0.008768500061705709,114.04459063269633
0.00691780005581677,144.554626027267
0.007497499929741024,133.3777938474141
0.011318299919366837,88.35249172792211
0.009592900052666664,104.24376304452551
0.00713990000076592,140.05798399035376
0.009117200039327145,109.68279687694564
0.00790590001270175,126.48781269600974
0.01000069989822805,99.99300150754276
0.008141100173816085,122.83352110274512
0.010373499942943454,96.39947997302949
0.00840519997291267,118.97396887910904
0.009327300125733018,107.21216070244245
0.009252299787476659,108.08123633796845
0.007540100021287799,132.62423537840638
0.008186400169506669,122.15381355591151
0.008451299974694848,118.32499177573058
0.007818999933078885,127.89359362562756
0.007339899893850089,136.2416401397891
0.005705100018531084,175.2817648685981
0.005907000042498112,169.2906708660007
0.006781199946999549,147.4665262513703
0.008653700118884444,115.55750560592696
0.009289799956604838,107.64494441982279
0.007738200016319752,129.22901939611467
0.010070000076666474,99.3048651823879
0.007935399888083339,126.01759383313612
0.007681499933823942,130.1829081058376
0.007273000199347734,137.49484017471678
0.008820299990475178,113.37482864300252
0.008245999924838543,121.27092033893997
0.007841299986466765,127.52987409305749
0.0098987000528723,101.02336616511889
0.006700200028717518,149.24927550131807
0.008216999936848879,121.69891781494744
0.009806999936699867,101.96798271179635
0.009457800071686506,105.73283347294112
0.007717899978160858,129.5689245558603
0.007707800017669798,129.73870594820096
0.013080500066280365,76.44967661273556
0.007278299890458584,137.3947233626551
0.005879000062122941,170.09695346709933
0.007603700039908291,131.51491967745497
0.007023699814453721,142.37510520340717
0.008519800147041678,117.37364524298484
0.007873700000345707,127.00509289864911
0.01472269999794662,67.92232403971217
0.006164199905470014,162.2270554711595
0.006957200122997165,143.7359832002647
0.00581240002065897,172.0459700718649
0.007902099983766675,126.5486392293574
0.009363599820062518,106.79653330094187
0.00683070020750165,146.39787571144967
0.008425500011071563,118.68731810408235
0.008049999829381704,124.22360511736892
0.007732399972155689,129.3259535979763
0.008583800168707967,116.49851817910155
0.009218899998813868,108.47281130380665
0.007825199980288744,127.79226122258166
0.007595899980515241,131.64996939996155
0.008346999995410442,119.80352228942677
0.007581999991089106,131.8913217060498
0.009132799925282598,109.49544588529425
0.008236899971961975,121.40489788682072
0.009819700149819255,101.83610341894263
0.00737400003708899,135.6116076715897
0.008333699777722359,119.99472343282625
0.008577500004321337,116.58408621348889
0.008266700198873878,120.96725125416111
0.009455599822103977,105.75743673736488
0.007619200041517615,131.24737433732176
0.01457650004886091,68.60357401625679
0.013064099941402674,76.5456483405187
0.009651900036260486,103.60654340007423
0.00899469992145896,111.17658273560258
0.010826400015503168,92.36680693194616
0.00913130003027618,109.513431459305
0.01035650004632771,96.5577169436298
0.010954400058835745,91.28751868007657
0.01079309987835586,92.65178783394455
0.008536500157788396,117.1440264178565
0.00859749992378056,116.31288268279182
0.00886610010638833,112.7891618637901
0.01086889998987317,92.00563083032554
0.008780799806118011,113.88484216474805
0.009810700081288815,101.92952508121436
0.008095100056380033,123.53151820672862
0.008835199987515807,113.18362927981327
0.010528000071644783,94.98480178522364
0.008402599953114986,119.01078304094234
0.008684400003403425,115.14900276450865
0.00853400002233684,117.17834513506047
0.00827919994480908,120.78461767637143
0.010370099917054176,96.43108629603918
0.011478800093755126,87.11711954492834
0.008402999956160784,119.005117840901
0.009265800006687641,107.92376257616661
0.011786299990490079,84.84426841390956
0.014207799918949604,70.38387404838475
0.007595099974423646,131.6638363375704
0.007217700127512216,138.5482885591533
0.007911700056865811,126.39508485059355
0.007112199906259774,140.60347194682393
0.008104900131002069,123.38214954369371
0.0062495998572558165,160.01024431012092
0.011363100027665496,88.00415358179735
0.005761400097981096,173.56892126801245
0.009718999965116382,102.89124432443862
0.007248200010508299,137.96528773353654
0.00853400002233684,117.17834513506047
0.008274100022390485,120.85906591579833
0.00974739994853735,102.59146082849051
0.007472899975255132,133.81685869090722
0.007894400041550398,126.67207067500064
0.007039699936285614,142.0515091624252
0.011145299999043345,89.72391950740086
0.007544999942183494,132.53810572072766
0.009478599997237325,105.50081238700488
0.007952700136229396,125.74345604260753
0.005614499794319272,178.1102567697653
0.008333700010553002,119.99472008035991
0.00935670011676848,106.87528589356668
0.008789499988779426,113.7721145999873
0.013150200014933944,76.04447072016822
0.006697000004351139,149.3205912125258
0.008604699978604913,116.21555690337165
0.008051600074395537,124.19891583786513
0.007643199991434812,130.83525239698406
0.007744599832221865,129.12222989746235
0.006378800142556429,156.76929479706672
0.008654600009322166,115.54549013505716
0.0081237000413239,123.09661790971695
0.006589799886569381,151.74967635027767
0.009297400014474988,107.55695123831549
0.009080199990421534,110.12973294144115
0.007030300097540021,142.24143864781973
0.010051499819383025,99.48764044860535
0.005292700137943029,188.9394777593886
0.0082483000587672,121.23710253933962
0.00868649990297854,115.1211663120041
0.008059700019657612,124.07409674814194
0.008977799909189343,111.38586403295055
0.008974600117653608,111.42557739513502
0.009344900026917458,107.01024057181526
0.008546799886971712,117.00285641697859
0.006546200020238756,152.76037959553938
0.008444299921393394,118.4230793918781
0.014287300175055863,69.99223000479095
0.013457200024276972,74.3096630945506
0.011264599859714508,88.77368148479836
0.010333900107070804,96.76888586486008
0.013162099989131093,75.97571822321461
0.009469199925661087,105.60554300792055
0.012311500031501055,81.22487084768963
0.009414399974048138,106.22025862047646
0.008424700004979968,118.69858860361613
0.013237799983471632,75.54125317262488
0.011924599995836616,83.86025529989622
0.012495500035583971,80.02881014383235
0.010995700024068356,90.94464179734915
0.010515499860048294,95.09771416566852
0.012592800194397569,79.41045554307227
0.01667069992981851,59.985483765520975
0.013544299872592092,73.83179709595585
0.010226800106465816,97.78229647490203
0.01672860002145171,59.77786537532504
0.00951200001873076,105.13036144142436
0.00812230003066361,123.11783561611401
0.006420899881049991,155.74140985304896
0.00770910014398396,129.71682574137807
0.007308099884539843,136.83447350185818
0.00939769996330142,106.40901538728197
0.006267700111493469,159.54815677384408
0.008833799976855516,113.20156700627044
0.006948899943381547,143.90767001220763
0.010386900044977665,96.27511535393333
0.006745199905708432,148.25357498355305
0.00978330010548234,102.21499792688795
0.007637100061401724,130.93975356615383
0.007954999804496765,125.70710554068458
0.008545600110664964,117.01928326273934
0.0069192000664770595,144.52537726794685
0.0073591999243944875,135.8843366498539
0.008857700042426586,112.89612373530407
0.010054700076580048,99.45597505481582
0.008910799864679575,112.2233710986796
0.007400500122457743,135.12600276370173
0.010569999925792217,94.60738003979223
0.005870099877938628,170.35485269309672
0.009329700144007802,107.18458091520458
0.0066283000633120545,150.86824531904432
0.008926499867811799,112.02599168862537
0.005551300011575222,180.13798532143153
0.010330599965527654,96.79979897943161
0.007884300081059337,126.83434036235208
0.008264699950814247,120.9965281197509
0.009482699912041426,105.45519833757146
0.006426500156521797,155.60569137856027
0.00889669987373054,112.40122901669635
0.00775470002554357,128.95405324590934
0.006209000013768673,161.0565304851772
0.008702200138941407,114.91346832223587
0.010268499841913581,97.38520868630071
0.008298099972307682,120.50951462831104
0.009215899975970387,108.50812211584416
0.008006800198927522,124.8938371328344
0.007823299849405885,127.8232995346512
0.008407300105318427,118.94424933961899
0.009470700053498149,105.58881543615507
0.005750699900090694,173.89187705382244
0.009359299903735518,106.84559852611159
0.009635200025513768,103.78611729409094
0.00739490007981658,135.22833158075662
0.010496499948203564,95.26985232550268
0.006679800106212497,149.70507861005566
0.009688499849289656,103.21515358988403
0.014040400041267276,71.22304186923586
0.011641199933364987,85.90179755730229
0.012174900155514479,82.13619719477221
0.012128700036555529,82.44906684030694
0.01040639984421432,96.09471238566461
0.0098086001817137,101.95134692759859
0.009704599855467677,103.04391885221204
0.012883000075817108,77.62167151400678
0.024516599951311946,40.7886901930089
0.009902900084853172,100.98051999227323
0.011163000017404556,89.58165353765753
0.008672199910506606,115.31099494010428
0.010239900089800358,97.65720282721006
0.011072799796238542,90.31139534733596
0.009382900083437562,106.57685695333926
0.01186510012485087,84.28078899271563
0.008226400008425117,121.55985594863417
0.009144799783825874,109.35176533538429
0.008781700162217021,113.87316596192471
0.010382999898865819,96.31127898876647
0.009985700016841292,100.14320461394384
0.0116155999712646,86.09111905315805
0.01094490010291338,91.36675443331036
0.012428199872374535,80.46217555792654
0.010525000048801303,95.01187604401869
0.008839900139719248,113.12344983478056
0.009799899999052286,102.04185757984331
0.010470099980011582,95.5100717193814
0.007240499835461377,138.11201197773084
0.008264000061899424,121.00677547310629
0.006724700098857284,148.7055162757263
0.008360799867659807,119.60578124445652
0.010139700025320053,98.62224696025321
0.007278400007635354,137.39283344566897
0.007786100031808018,128.43400366226595
0.009394899941980839,106.44072913768127
0.008307599928230047,120.37170887369058
0.0063234001863747835,158.14276663285196
0.009827599860727787,101.75424459395364
0.010448000160977244,95.71209653450713
0.006655099801719189,150.26070679536218
0.015049900161102412,66.44562351214624
0.006637499900534749,150.65913596766083
0.007978799985721707,125.3321303691694
0.006429099943488836,155.54276785085048
0.008665500208735466,115.40014724042426
0.006641199812293053,150.5752015093675
0.0050783001352101564,196.91628564183256
0.009647599887102842,103.65272313343192
0.008197300136089325,121.99138538278149
0.008717000018805265,114.71836616297931
0.007403400028124452,135.07307402019936
0.008816299960017204,113.42626776937028
0.008832499850541353,113.21823005054554
0.0068751999642699966,145.4503149285752
0.009330300148576498,107.17768818536535
0.00888229999691248,112.5834525232883
0.006948099937289954,143.9242395799565
0.006424100138247014,155.66382504630081
0.008820399874821305,113.37354475896244
0.008431399939581752,118.60426585927154
0.009747400181367993,102.59145837794622
0.0076448998879641294,130.8061602708972
0.008279799949377775,120.77586488972474
0.012250400148332117,81.62998660383752
0.006303499918431044,158.64202632509947
0.012258199974894524,81.5780458834132
0.010827200021594763,92.35998208267216
0.009514600038528442,105.10163285378238
0.008871600031852722,112.71923851499001
0.008478599833324552,117.94400250729714
0.008044800022616982,124.30389782078124
0.007398199988529086,135.16801405078272
0.0072868000715970984,137.2344499882543
0.011580500053241849,86.35205694075876
0.007914999965578318,126.34238842058339
0.007018700009211898,142.47652680518055
0.008436100091785192,118.53818578726542
0.010022899834439158,99.7715248598966
0.006849300116300584,146.00031872163254
0.009243299951776862,108.18647076445545
0.0075622000731527805,132.2366494309224
0.0073716999031603345,135.6539215020525
0.00924669997766614,108.1466904317576
0.008151000132784247,122.68433121205416
0.009772999910637736,102.32272681303495
0.007274500094354153,137.46649075942892
0.008385599823668599,119.25205364289755
0.0077426000498235234,129.15557998153255
0.007768800016492606,128.72000796481717
0.010000600013881922,99.99400022117584
0.005770500050857663,173.29520686016997
0.009905399987474084,100.95503475524
0.0075431999284774065,132.56973293585364
0.007706200005486608,129.76564315590392
0.0092567999381572,108.02869314242469
0.006677699973806739,149.752160762313
0.009497000137344003,105.29640786966092
0.009050699882209301,110.48869292038631
0.005678700050339103,176.09664027602324
0.011513300007209182,86.85607075068302
0.010355900041759014,96.56331134595847
0.007782900007441639,128.48681070601543
0.00707500008866191,141.34275441247794
0.0077991997823119155,128.21828237660173
0.009149200050160289,109.29917309901651
0.009872999973595142,101.28633674409514
0.0068622000981122255,145.72585842769254
0.0076055999379605055,131.48206691872844
0.00902460003271699,110.80823486633071
0.009179499931633472,108.93839614878151
0.008240800118073821,121.34744025726192
0.00709400000050664,140.96419508437862
0.009079599985852838,110.13701061259594
0.007204599911347031,138.80021268426435
0.009810300078243017,101.93368113354344
0.007158000022172929,139.70382745213146
0.008691000053659081,115.06155722309315
0.0064842000138014555,154.2210292513379
0.008352499920874834,119.72463447748956
0.010724599938839674,93.2435713875396
0.008393000112846494,119.14690653576663
0.006953199859708548,143.81867631831832
0.009095299988985062,109.94689578255344
0.007591600064188243,131.72453653311996
0.00836209999397397,119.58718512343023
0.008137600030750036,122.88635423481618
0.008424399886280298,118.70281723313815
0.01029270002618432,97.1562366974681
0.0054651000536978245,182.97926665100573
0.00851329998113215,117.46326362471419
0.007469499949365854,133.87777050388735
0.010263600153848529,97.43169891756074
0.008743799990043044,114.36675142829716
0.006644999841228127,150.48909313670958
0.01002340018749237,99.76654441552108
0.006375500001013279,156.850443077573
0.008450599852949381,118.33479485494578
0.006503100041300058,153.77281506499574
0.0099804000928998,100.19638398178189
0.007804799824953078,128.12628413644316
0.007408600067719817,134.97826726497536
0.010564800119027495,94.65394411002367
0.006859299959614873,145.7874718830851
0.008977999910712242,111.38338270719231
0.008152400143444538,122.6632626471499
0.009497399907559156,105.29197567052867
0.007360700052231551,135.85664310513903
0.009995899861678481,100.04101820124507
0.010374900186434388,96.38646946286205
0.010151399997994304,98.50858011678963
0.012458099983632565,80.26906200093102
0.00939739984460175,106.41241370339698
0.009019799996167421,110.86720331103875
0.010711500188335776,93.35760466950688
0.009711099788546562,102.97494843780899
0.008329900214448571,120.04945728707013
0.009952399879693985,100.47827781119541
0.009812799980863929,101.90771257440417
0.01212249998934567,82.49123537874934
0.009675800101831555,103.35062625060925
0.01196369994431734,83.58618192150429
0.009991599945351481,100.08407116672467
0.011097999988123775,90.10632556047243
0.011047299951314926,90.51985592922848
0.011858800193294883,84.3255627635427
0.011263299966230989,88.78392682412307
0.00844220002181828,118.45253576266487
0.008787799859419465,113.7941254918454
0.012891700025647879,77.56928861286815
0.010079900035634637,99.2073330553659
0.01026579993776977,97.4108209844238
0.009379400173202157,106.61662596048473
0.010270499857142568,97.36624447782403
0.011108299950137734,90.02277616635665
0.009742800146341324,102.63989663952269
0.009768699994310737,102.36776649732279
0.009698400041088462,103.10979086894511
0.009833899792283773,101.68905735491181
0.010987100191414356,91.01582606677506
0.009938400005921721,100.61981801941535
0.009761599823832512,102.44222443523493
0.01090170000679791,91.72881288023298
0.00818940019235015,122.1090649513155
0.009383799973875284,106.5666364142483
0.009553899988532066,104.66929748064565
0.010085799964144826,99.14929936693325
0.010878199944272637,91.9269736834079
0.011020600097253919,90.7391604064444
0.015613999916240575,64.04508808533238
0.011303700041025877,88.46660795762271
0.009576299926266074,104.42446536758725
0.00982160004787147,101.81640416285524
0.01141979987733066,87.56720877264152
0.009523600107058883,105.00230887044502
0.009170500095933676,109.04530718487355
0.010108500020578504,98.92664569067989
0.007966799894347787,125.52091344850659
0.00679940008558333,147.07179860180395
0.006236199988052249,160.3540620756022
0.006609699921682477,151.292798742587
0.008117299992591143,123.19367288540825
0.01240090001374483,80.63930834791236
0.007047599880024791,141.89227780003912
0.00820820010267198,121.82938859817443
0.006590300006791949,151.73816047363582
0.00980359991081059,102.00334663772679
0.007543800165876745,132.55918476252205
0.0078033998142927885,128.14927131740572
0.00762310018762946,131.18022528718305
0.01096219988539815,91.22256576729806
0.008307799929752946,120.36881105172903
0.009669600054621696,103.41689359965189
0.008803100092336535,113.59634554996614
0.007224000059068204,138.42746287698483
0.006439999910071491,155.27950527392147
0.011349099921062589,88.11271439633006
0.008197700139135122,121.98543286867559
0.009227899834513664,108.3670193579537
0.008412700146436691,118.86790003130719
0.007168999873101712,139.48947101422445
0.005722100147977472,174.76100979348624
0.007613299880176783,131.3490885343636
0.009327200008556247,107.21331150641741
0.007969000143930316,125.48625698816959
0.007708299905061722,129.73029232338786
0.009656300069764256,103.55933357240973
0.008947100024670362,111.76805861593606
0.007195299956947566,138.97961252253702
0.009623999940231442,103.90690006342119
0.008480000076815486,117.92452723367572
0.008276700042188168,120.82109958108657
0.008485899772495031,117.84254195898653
0.007092100102454424,141.00195789029
0.008531500119715929,117.21268076748227
0.007614699890837073,131.3249391749924
0.010420399950817227,95.96560637977953
0.007090399973094463,141.035767205608
0.007988300174474716,125.18307752071381
0.007085499819368124,141.13330400016562
0.010677500162273645,93.65488033737121
0.008498599985614419,117.66643937739158
0.0066494999919086695,150.38724734443687
0.007682899944484235,130.15918562338268
0.00916090002283454,109.15958011848086
0.009340999880805612,107.05492053959381
0.007947100093588233,125.83206304483392
0.008164600003510714,122.47997447149987
0.010198799893260002,98.05075209494618
0.007143800146877766,139.98151956099375
0.008788499981164932,113.78506026547754
0.00790399988181889,126.51822051519024
0.008910800097510219,112.22336816639077
0.008061599917709827,124.04485588563965
0.01165140001103282,85.8265958642816
0.007628200110048056,131.09252321301523
0.008829900063574314,113.25156488749697
0.010418899822980165,95.97942364263614
0.010175300063565373,98.27720005827574
0.00979629997164011,102.07935678725227
0.008316599996760488,120.24144486803786
0.009424699936062098,106.10417379694614
0.009056800045073032,110.41427380788953
0.010662300046533346,93.78839421472968
0.015218500047922134,65.7094981010652
0.00928959995508194,107.64726197417609
0.00818450003862381,122.18217304427381
0.00891919992864132,112.11767961258518
0.008210300002247095,121.79822902041434
0.00824939995072782,121.22093800431787
0.012088000075891612,82.7266705593762
0.00941890012472868,106.16950883411198
0.009560199920088053,104.60032304332708
0.00964260008186102,103.70646832913144
0.013444699812680483,74.37875251456649
0.010072800097987056,99.27726057025986
0.00986470002681017,101.37155689298321
0.00926900003105402,107.88650303697166
0.01060519996099174,94.29336586563385
0.008549599908292294,116.96453760720378
0.010791799984872341,92.66294792358768
0.008906699949875474,112.27502954267379
0.012905800016596913,77.48454173425868
0.007352000102400779,136.0174083340195
0.006921800086274743,144.47108953390648
0.006890299962833525,145.13156254357992
0.0069836999755352736,143.1905728343311
0.007826399989426136,127.7726670437303
0.004874599864706397,205.14504323530383
0.009892400121316314,101.08770245202504
0.007787900045514107,128.40431877088716
0.008694899966940284,115.00994879782358
0.008570800069719553,116.67522190057588
0.006599499844014645,151.52663438683777
0.007882100064307451,126.86974179994294
0.009780599968507886,102.24321649181594
0.008704399922862649,114.88442728526726
0.008015200030058622,124.76294992636461
0.009237200021743774,108.2579133986559
0.007787000155076385,128.41915758125353
0.008013299899175763,124.79253398501392
0.009287300053983927,107.6739196738922
0.008097899844869971,123.4888081054128
0.008608500007539988,116.1642561566037
0.007674700114876031,130.29825075010802
0.011611700057983398,86.12003367349034
0.007168199867010116,139.50503872000766
0.007625000085681677,131.14753950990936
0.007753500016406178,128.97401146372985
0.006459800060838461,154.8035528316651
0.010350099997594953,96.61742400869262
0.008054699981585145,124.15111702313243
0.00732909981161356,136.44240434758686
0.007022100035101175,142.4075411915706
0.009539199993014336,104.8305938372517
0.008767500054091215,114.05759838385924
0.006820300128310919,146.62111361478384
0.009956999914720654,100.43185784521071
0.00846610008738935,118.11814054614669
0.008187799947336316,122.13293026600186
0.008169099921360612,122.41250683997559
0.008001599926501513,124.97500614695485
0.007324300007894635,136.53181859319403
0.010069600073620677,99.30880995161856
0.00806310004554689,124.0217775236812
0.006967700086534023,143.519380510167
0.008682899875566363,115.16889683526064
0.011387899983674288,87.81250287002887
0.006261599948629736,159.70359144691702
0.0080143001396209,124.77695900808912
0.009536399971693754,104.86137357579713
0.006659900071099401,150.1524030877722
0.007786099798977375,128.4340075028758
0.009691900108009577,103.17894209140479
0.00929529988206923,107.58125210451948
0.006799900205805898,147.06098174002304
0.009019299875944853,110.8733508980087
0.007312099914997817,136.7596192099214
0.00974750006571412,102.59040710524356
0.008069900097325444,123.91727133417967
0.007821999955922365,127.84454175851253
0.009245000081136823,108.1665755785514
0.007346599828451872,136.11739081353056
0.007452900055795909,134.1759573472783
0.007353600114583969,135.98781337276662
0.010639999993145466,93.98496246656232
0.00814429996535182,122.7852613796503
0.00879490002989769,113.70225887736815
0.007658399874344468,130.5755792864755
0.010267900070175529,97.39089718107329
0.0065091000869870195,153.63106829455552
0.007034299895167351,142.16055825072402
0.010521400021389127,95.04438553491775
0.008036100072786212,124.43847027072773
0.009036900009959936,110.65741558475354
0.007861399790272117,127.20380933144041
0.007653500186279417,130.65917236047372
0.008278399938717484,120.79629003221643
0.007659799885004759,130.5517134928883
0.009099800139665604,109.89252342378892
0.00720479991286993,138.79635966207758
0.007172800134867429,139.415567309472
0.012094799894839523,82.68016078766784
0.007151700090616941,139.82689253314803
0.007833899930119514,127.65034132683182
0.009037999901920557,110.64394897675336
0.00763500016182661,130.97576670656656
0.00842129997909069,118.74651211605186
0.007214999990537763,138.60013878190816
0.007796299876645207,128.26597434965595
0.009333000052720308,107.14668320488522
0.007778200088068843,128.56444790278957
0.012501999968662858,79.98720224816591
0.007874799892306328,126.98735379638016
0.006520400056615473,153.36482291227196
0.007420300040394068,134.76544001674807
0.010285699972882867,97.22235750959017
0.006357500096783042,157.29453162037856
0.01019159983843565,98.12002196443126
0.00649830000475049,153.88640094624196
0.007810200098901987,128.03769267583644
0.008545399876311421,117.0220252386416
0.008478700183331966,117.94260657616734
0.007810099981725216,128.03933398290562
0.009099100017920136,109.90097900128139
0.008423799881711602,118.71127211497972
0.008585599949583411,116.47409684497609
0.008391200099140406,119.17246498536484
0.008230499923229218,121.49930251231353
0.00836810003966093,119.50143942597026
0.008095999946817756,123.51778737264738
0.009759800042957067,102.46111555550021
0.007298599928617477,137.01257909466247
0.008429500041529536,118.63099769539234
0.0117123001255095,85.38032575019065
0.0037920998875051737,263.70613371629855
0.005626700120046735,177.72406182394772
0.009240299928933382,108.2215953693
0.007140799891203642,140.04033374914272
0.011784000089392066,84.86082759793918
0.006984899984672666,143.1659726258576
0.009450700134038925,105.81226637360592
0.00830129999667406,120.46306005091405
0.0062120999209582806,160.976161479022
0.009113699896261096,109.72492087546694
0.017707800026983023,56.47228896171218
0.0070893000811338425,141.05764864732075
0.004606500035151839,217.08455277739688
0.0045350999571383,220.50230633306955
0.009049499873071909,110.50334427603498
0.007647700142115354,130.75826476159406
0.012388400034978986,80.72067395115371
0.010579299880191684,94.52421344746692
0.010278800036758184,97.28762077517645
0.00791050004772842,126.4142587657477
0.009914400056004524,100.86339005398146
0.010415699798613787,96.00891148313326
0.009038100019097328,110.64272334749776
0.010821000207215548,92.41289907130677
0.01026869984343648,97.38331193302697
0.010386599926277995,96.27789720387804
0.009295500116422772,107.5789346969353
0.00985549995675683,101.46618683858958
0.009814900113269687,101.88590698421943
0.00872809998691082,114.57247298950054
0.007942699827253819,125.90177417616815
0.008610100019723177,116.1426693893564
0.0073073001112788916,136.84944983393933
0.010376899968832731,96.36789436185413
0.008425200125202537,118.69154265056234
0.008638799889013171,115.75681956376839
0.011330100009217858,88.26047423998266
0.007297900039702653,137.02571898213395
0.007687399862334133,130.0829952790265
0.006358199985697866,157.27721717615046
0.008435700088739395,118.54380661717396
0.008772100089117885,113.99778728477312
0.010982099920511246,91.05726657360876
0.010864000068977475,92.04712754517871
0.01056659989990294,94.63782195530897
0.006609400035813451,151.2996632949189
0.010662399930879474,93.78751561399332
0.012814000016078353,78.03964404130257
0.007317099953070283,136.66616643392936
0.00932280020788312,107.26390973759426
0.008291699923574924,120.60253135268492
0.020539900055155158,48.685728621596546
0.008174599846825004,122.33014688644334
0.009656500071287155,103.55718869338814
0.007379400078207254,135.51237084342216
0.009557799901813269,104.62658878329142
0.007543799933046102,132.55918885380768
0.008620999986305833,115.99582433458603
0.007522700121626257,132.93099337101052
0.008468699874356389,118.08187972607764
0.008292500162497163,120.5908930243379
0.007660900009796023,130.53296593367568
0.007413999876007438,134.87995909416128
0.0074037001468241215,135.06759865591778
0.007989099947735667,125.17054568624188
0.006319199921563268,158.24788144265835
0.009007800137624145,111.01489650321608
0.008070899872109294,123.90192120406698
0.01056799991056323,94.6252846766635
0.00785000016912818,127.38853228726235
0.007367099868133664,135.73862413966893
0.009058000054210424,110.3996460604094
0.00889259995892644,112.45305137067305
0.00994889996945858,100.5136249303771
0.008173700189217925,122.34361144284665
0.007537199882790445,132.67526608698307
0.009094800101593137,109.95293891339404
0.008293699938803911,120.57344820509826
0.009580899961292744,104.37432851193978
0.00821839994750917,121.67818631205454
0.007805900182574987,128.10822283281144
0.011806099908426404,84.70197675409023
0.010663799941539764,93.77520259964744
0.007738100131973624,129.23068750015608
0.009485399816185236,105.42518179293492
0.007869800087064505,127.0680308186847
0.008933099918067455,111.94322342432002
0.007147400174289942,139.9110131817049
0.006815799977630377,146.7179206082961
0.00691289990209043,144.6570924161081
0.008949300041422248,111.74058254516598
0.008700399892404675,114.93724568602711
0.008446200052276254,118.39643790233215
0.009702400071546435,103.06728156187164
0.006888899952173232,145.1610571996377
0.01106330007314682,90.38894302679456
0.0071063998620957145,140.718228555337
0.00996990012936294,100.30190744387109
0.011056900024414062,90.44126272209763
0.016067499993368983,62.23743584332954
0.012870999984443188,77.69404096097207
0.02444599987939,40.90648797078178
0.013831000076606871,72.30135163482176
0.011858500074595213,84.32769690176308
0.013144499855116011,76.07744767944038
0.013852500123903155,72.18913488940902
0.011643499834463,85.88482966608984
0.01210170006379485,82.63301806592784
0.01272689993493259,78.57373006094093
0.011551500065252185,86.56884338407946
0.013460600050166251,74.2908931454099
0.012139099882915618,82.37843082643917
0.010782200144603848,92.74544959179491
0.009776900056749582,102.28190880499385
0.012408899841830134,80.58732141821481
0.016095299972221255,62.12993866072031
0.011905400082468987,83.99549725947692
0.013198199914768338,75.7679082342914
0.013162899995222688,75.97110062090707
0.012079200008884072,82.7869394715308
0.010114900069311261,98.86405136458174
0.011461199959740043,87.2508989907442
0.010951000032946467,91.3158612904269
0.010538600152358413,94.88926285681424
0.011515099788084626,86.84249536723605
0.011148500023409724,89.69816548416296
0.015444000018760564,64.75006467140976
0.011332800146192312,88.2394454239086
0.010355399921536446,96.56797492873926
0.013771899975836279,72.61162234365389
0.009736099978908896,102.71053113323389
0.011204400099813938,89.2506507346704
0.012894100043922663,77.554850403951
0.011644499842077492,85.87745403941628
0.0067398000974208125,148.37235311811105
0.00900810002349317,111.01120074066617
0.008788099978119135,113.79023935661051
0.008541699964553118,117.07271434841574
0.007320899982005357,136.5952276985046
0.007674599997699262,130.29995052508093
0.008975799893960357,111.41068337239568
0.007684200070798398,130.1371633724392
0.00857689999975264,116.59224195558303
0.0077323000878095636,129.32762420544958
0.012164899846538901,82.20371828910002
0.008884900016710162,112.55050682835629
0.011469800025224686,87.18547819497931
0.013119800016283987,76.22067400103839
0.010348400101065636,96.63329502470862
0.010500599863007665,95.23265461460714
0.010151599999517202,98.50663935217688
0.007962499978020787,125.58869736393603
0.011115900008007884,89.96122664647945
0.011103600030764937,90.06088090612798
0.010757500072941184,92.95840048519676
0.0129273000638932,77.35567326955346
0.01091009983792901,91.658189645845
0.011509699979797006,86.88323776947284
0.011593000032007694,86.25894912784007
0.010486500104889274,95.3607009009379
0.008241599891334772,121.33566457786931
0.008574000094085932,116.63167588367158
0.009109399979934096,109.7767144052044
0.00932519999332726,107.23630600046755
0.011107299942523241,90.03088105792436
0.008936200058087707,111.9043881627236
0.009772799909114838,102.32482085991813
0.012429000111296773,80.4569950153187
0.012302800081670284,81.28230917853259
0.010049099801108241,99.51140100028834
0.009006000123918056,111.03708485903844
0.0074189999140799046,134.78905668972754
0.005626500118523836,177.73037926503397
0.008053499972447753,124.16961611984254
0.00934310001321137,107.03085684472775
0.007087500067427754,141.0934730844986
0.008450199849903584,118.34039641221148
0.010273900115862489,97.33402006274522
0.00918149994686246,108.91466599002968
0.00654279999434948,152.83976292468427
0.006081700092181563,164.42770686531676
0.008621699875220656,115.9864080718081
0.008397199911996722,119.08731606726934
0.008885500021278858,112.54290671377136
0.010578700108453631,94.52957260796927
0.006593399913981557,151.6668203121521
0.00682630017399788,146.4922395017302
0.009030399844050407,110.73706782306438
0.008035799954086542,124.44311776221582
0.00966159999370575,103.50252552905013
0.008473100140690804,118.02055722174799
0.007592499954625964,131.7089240666665
0.007513399934396148,133.0955371378577
0.010350600117817521,96.61275564868942
0.008819199865683913,113.38897124795479
0.007473600097000599,133.80432281911
0.008143899962306023,122.7912922099353
0.007654899964109063,130.63527997604444
0.006758000003173947,147.97277294026964
0.010095100151374936,99.05795732633733
0.006814899854362011,146.73729935443296
0.011091400170698762,90.1599423526164
0.007751199882477521,129.01228392530749
0.007463299902155996,133.9889878619403
0.009563700063154101,104.56204119707627
0.007001300109550357,142.83061493620545
0.007728099822998047,129.39791448139692
0.007978400215506554,125.33841033148892
0.008793499786406755,113.72036439300638
0.007407400058582425,135.00013393246817
0.008226900128647685,121.55246622209539
0.007689999882131816,130.03901369667912
0.009083400014787912,110.09093493317314
0.007757300045341254,128.91083162376358
0.0078078999649733305,128.0754113764335
0.007677600020542741,130.24903580862872
0.009048999985679984,110.50944873273258
0.008025000104680657,124.61059027485128
0.007897699950262904,126.61914307933556
0.011500699911266565,86.95122972649328
0.007224200060591102,138.42363052140857
0.007541700033470988,132.59609843428902
0.00828329985961318,120.72483393673723
0.008252900093793869,121.16952690993969
0.008248999947682023,121.22681614042209
0.00784939993172884,127.39827358748795
0.009043500060215592,110.57665653138288
0.007703999988734723,129.80270008596358
0.010821999981999397,92.40436163956147
0.0060519000981003055,165.23736079415795
0.008680799975991249,115.19675637795252
0.00843759998679161,118.51711405677209
0.008689200039952993,115.0853928327112
0.008324000053107738,120.13454993031304
0.007702799979597331,129.82292187889263
0.00951500004157424,105.09721446459939
0.007554499898105859,132.37143602989923
0.009214000077918172,108.53049615188867
0.01141699985601008,87.58868464674501
0.009587900014594197,104.29812560392293
0.013568600174039602,73.69957012317823
0.009808399947360158,101.95342822140333
0.009951699990779161,100.48534430565222
0.011648299871012568,85.8494382075924
0.01020850008353591,97.95758356438499
0.010948200011625886,91.33921548182356
0.009451800025999546,105.79995315699118
0.011825100053101778,84.56588066988029
0.012176299933344126,82.12675488237237
0.008736199932172894,114.46624479337859
0.011917599942535162,83.9095123868771
0.010020700050517917,99.79342710176374
0.009136900072917342,109.44631023864396
0.007085900055244566,141.12533230832955
0.006405399879440665,156.1182781436781
0.009066400118172169,110.297360249484
0.005947700003162026,168.13221908777535
0.00645079999230802,155.0195326459365
0.0065195998176932335,153.38364745734046
0.0074448001105338335,134.32194083828725
0.008756699971854687,114.19827140522641
0.008427399909123778,118.66056088276615
0.007314300164580346,136.71847989538648
0.009665000019595027,103.46611463761808
0.007689299993216991,130.05084999702652
0.0077344998717308044,129.2908418881676
0.008162700105458498,122.50848212974132
0.008752499939873815,114.25307133614412
0.006780100055038929,147.4904487960773
0.007902999874204397,126.53422952264326
0.011059500044211745,90.42000054273466
0.005629400024190545,177.63882397818952
0.011557599995285273,86.52315363119791
0.00641819997690618,155.8069246203261
0.008710900088772178,114.798699308805
0.008384800050407648,119.26342834512583
0.018948999932035804,52.773233605292646
0.006679899990558624,149.7028400744623
0.007497600046917796,133.37601282307557
0.008823700016364455,113.33114205439868
0.00861679995432496,116.05236344126547
0.009417899884283543,106.1807847064488
0.007895300164818764,126.65762911155322
0.008587899850681424,116.44290424749806
0.0074257999658584595,134.6656258716491
0.007624800084158777,131.1509795617582
0.0080657999496907,123.98026311554469
0.007951600011438131,125.76085298072474
0.009773100027814507,102.32167860289702
0.008070999989286065,123.90038425566357
0.009271800052374601,107.85392203792077
0.007553299888968469,132.39246616707112
0.008681700099259615,115.1848127171867
0.008093700045719743,123.55288611527408
0.006837599910795689,146.2501481581467
0.007549999980255962,132.45033147219925
0.008060300024226308,124.06486073649448
0.007457700092345475,134.08959700945766
0.009761099936440587,102.44747072681369
0.007546100066974759,132.5187833615492
0.009000799851492047,111.1012372788438
0.00891500012949109,112.17049752943578
0.007930399850010872,126.09704667017881
0.007566200103610754,132.166739751276
0.008321600034832954,120.16919772809938
0.0075159999541938305,133.04949522278974
0.009042399935424328,110.59010961043867
0.00988080003298819,101.20637971230919
0.0061268999706953755,163.2146770443364
0.009124299976974726,109.59744884796766
0.010400300147011876,96.15107120608546
0.017840699991211295,56.051612352240724
0.00869709998369217,114.98085590312729
0.02099259989336133,47.63583382143336
0.010121400002390146,98.800561163856
0.010931099997833371,91.48210154496874
0.007579500088468194,131.9348226568988
0.009170100092887878,109.05006378017372
0.015111399814486504,66.17520628640588
0.011052400106564164,90.47808533515602
0.011991600040346386,83.39170724802746
0.012992299860343337,76.96866688339918
0.010290600126609206,97.17606239642157
0.010967100039124489,91.18180708050062
0.009366599842905998,106.76232750109125
0.009265300119295716,107.92958534796098
0.009915600065141916,100.85118333034417
0.011982199968770146,83.45712829082755
0.009744199924170971,102.62515217072368
0.01027609989978373,97.31318396593691
0.010761799989268184,92.92125861818784
0.008811400039121509,113.48934284678096
0.007826399989426136,127.7726670437303
0.008218600181862712,121.6752217983372
0.011588599998503923,86.29170047538952
0.00783909996971488,127.56566491859289
0.005994899896904826,166.8084567210707
0.006614499958232045,151.1830079846708
0.0062673999927937984,159.5557968455486
0.00835370016284287,119.70743269527253
0.008984299842268229,111.30527893729938
0.007095700129866601,140.93042007100715
0.010157200042158365,98.452328973478
0.00718959979712963,139.0898002972626
0.006741800112649799,148.3283371341248
0.01198319997638464,83.4501637267763
0.013626599917188287,73.38587806769189
0.0057165001053363085,174.93221054373947
0.00789560005068779,126.65281847867782
0.006086800014600158,164.2899384900672
0.005886099999770522,169.89177894344073
0.007379599846899509,135.50870246984238
0.009898800170049071,101.0223444075286
0.007732899859547614,129.31759342070433
0.009964799974113703,100.35324367752227
0.0061465001199394464,162.69421304588727
0.00846579996868968,118.12232791920998
0.007290699984878302,137.16104106246422
0.008777099894359708,113.93284935068525
0.00781880016438663,127.89686127992351
0.0070634998846799135,141.57287694856606
0.010552100138738751,94.7678648659532
0.009802700020372868,102.01271057175151
0.008060399908572435,124.06332332673409
0.006307600066065788,158.53890378686066
0.008762999903410673,114.11617151916059
0.007602999918162822,131.52703022015007
0.009544500149786472,104.77238035586095
0.009638099931180477,103.75489019001276
0.0066362000070512295,150.68864695721342
0.009561599930748343,104.58500745091669
0.00763930007815361,130.90204465978985
0.007281299913302065,137.3381143349307
0.008616300066933036,116.05909639077241
0.00914460001513362,109.35415418335147
0.009624900063499808,103.89718266190286
0.007120199967175722,140.4454937515831
0.008975999895483255,111.40820094073334
0.00764199998229742,130.8557972149287
0.009739800123497844,102.671511460224
0.008783299941569567,113.85242524477663
0.006901999935507775,144.88554177687496
0.009618400130420923,103.96739441492103
0.006345999892801046,157.57958034862372
0.007515100063756109,133.0654271421892
0.009299200028181076,107.53613181451266
0.006713999900966884,148.94251038877584
0.011902300175279379,84.01737355582425
0.0070726999547332525,141.3887209128349
0.007960400078445673,125.62182681090287
0.008785799844190478,113.82002979059897
0.007117500063031911,140.49876939151304
0.009889299981296062,101.11939185698996
0.00871019996702671,114.80792677385077
0.007956499932333827,125.68340457544335
0.009883400052785873,101.17975541404155
0.006797800073400141,147.10641519349915
0.009085499914363027,110.06549000337631
0.007006500149145722,142.7246098213423
0.007426799973472952,134.64749334461686
0.009514299919828773,105.1049481755245
0.007464099908247591,133.97462685286837
0.009613300208002329,104.022549838564
0.016624099807813764,60.15363307250921
0.007667100057005882,130.42740965487218
0.007474499987438321,133.788213483257
0.0076293000020086765,131.07362402012183
0.007257800083607435,137.78279760813658
0.006912600016221404,144.6633680023952
0.006653700023889542,150.29231801998668
0.006088699912652373,164.23867399376851
0.00834470009431243,119.83654160100718
0.008638300001621246,115.76351826312109
0.0074032999109476805,135.0749006562929
0.008138099918141961,122.87880587097948
0.009867600165307522,101.34176327044511
0.008639100007712841,115.75279822055735
0.00664629996754229,150.45965497849568
0.0083341000135988,119.98896081979987
0.006534499814733863,153.03390134700433
0.008486400125548244,117.83559403350634
0.008884199894964695,112.55937640110628
0.011010300135239959,90.82404545897568
0.008147499989718199,122.73703605547196
0.008909899974241853,112.23470554001258
0.006142199970781803,162.80811513089114
0.009471500059589744,105.57989692324563
0.009529799921438098,104.9339973812477
0.008750200038775802,114.28310159408711
0.007331900065764784,136.3902932432687
0.006238200003281236,160.30265132153653
0.009605899918824434,104.10268777007825
0.008152399910613894,122.66326615038413
0.009543800028041005,104.78006633226404
0.009927800158038735,100.72724914696035
0.011173399863764644,89.49827377457437
0.015416500158607958,64.86556544687868
0.007049100007861853,141.86208152596802
0.00700039998628199,142.84898033820977
0.007558199809864164,132.30663718295799
0.0074244001880288115,134.69101539170956
0.008088599890470505,123.63079068580696
0.008288699900731444,120.64618239004575
0.008418800076469779,118.78177304565781
0.007837000070139766,127.59984573818767
0.009473799960687757,105.55426588587208
0.006928500020876527,144.33138442474734
0.011137699941173196,89.7851446242737
0.006686300039291382,149.55954625481937
0.008965499931946397,111.53867688256192
0.008270400110632181,120.9131343856544
0.009103900054469705,109.84303364677582
0.006720899837091565,148.7896002379266
0.008375799981877208,119.39158076407135
0.008761100005358458,114.14091830801848
0.007826599990949035,127.76940193141805
0.008412000024691224,118.87779327921562
0.008555399952456355,116.88524271888521
0.009075000183656812,110.19283523551903
0.007811099989339708,128.02294188587547
0.008041099878028035,124.36109676145892
0.010457900119945407,95.62149078979922
0.006968199973925947,143.5090846620165
0.008555100066587329,116.88933995121636
0.006881200009956956,145.32348987865785
0.010169499786570668,98.33325345269685
0.006702700164169073,149.19360489161446
0.007279899902641774,137.36452607502392
0.00906149996444583,110.35700534388918
0.010106900008395314,98.94230665875276
0.009049999993294477,110.49723765093279
0.008665099972859025,115.40547750542027
0.008553000167012215,116.91803817061377
0.010491899913176894,95.3116221347183
0.010204500053077936,97.99598165501254
0.007128699915483594,140.27803272066367
0.00897550000809133,111.41440578224157
0.010150999994948506,98.5124618754443
0.010512999957427382,95.1203275991174
0.00894480012357235,111.79679659522931
0.009522499982267618,105.01443968098253
0.008826500037685037,113.29519013544062
0.012410399969667196,80.57758029105781
0.008610500022768974,116.13727395106828
0.010299199959263206,97.09492037782894
0.01165569992735982,85.7949334859476
0.010808699997141957,92.51806417648936
0.010560099966824055,94.69607325135479
0.01032690005376935,96.83448031774036
0.012923300033435225,77.37961646118214
0.010832600062713027,92.31394071697592
0.010129099944606423,98.72545492380922
0.009350799955427647,106.94272198813886
0.01385580003261566,72.17194226577061
0.012622999958693981,79.22047082882692
0.009255900047719479,108.03919606352984
0.011455799918621778,87.29202736637075
0.009705600095912814,103.03329934448013
0.009809799958020449,101.9388778853135
0.008917700033634901,112.13653702505115
0.01168969995342195,85.54539500453713
0.010702100116759539,93.43960429168433
0.010157200042158365,98.452328973478
0.010922899935394526,91.55077918086603
0.010129099944606423,98.72545492380922
0.009942200034856796,100.58135990968357
0.009877000004053116,101.24531736252314
0.012131900060921907,82.4273192969255
0.010326999938115478,96.83354371961825
0.009741599904373288,102.65254268460265
0.008582800161093473,116.51209176849774
0.009932099841535091,100.68364353508566
0.010453599970787764,95.6608252462756
0.010136200115084648,98.6563000578298
0.011049299966543913,90.50347108214022
0.01000110013410449,99.98899986911701
0.008504899917170405,117.57927897318534
0.011029799934476614,90.66347585092912
0.009850300149992108,101.51974912163475
0.010869299992918968,92.00224491471124
0.010558199835941195,94.71311544946302
0.009615600109100342,103.99766927220546
0.01126009994186461,88.80915845889069
0.014323699986562135,69.81436367266531
0.012650199932977559,79.0501340135439
0.010630900040268898,94.0654127319502
0.010360599961131811,96.51950695437894
0.010446000145748258,95.73042179278747
0.009424899937584996,106.10192220844273
0.01061580004170537,94.19921212451129
0.00927360006608069,107.83298749938771
0.010386099806055427,96.28253325824659
0.01204539998434484,83.01924396862533
0.011007399996742606,90.8479750255217
0.010722400154918432,93.26270103259425
0.00943459989503026,105.99283606364239
0.012923600152134895,77.37781951067299
0.013806399889290333,72.43017788987143
0.010539399925619364,94.88206226705393
0.01018300000578165,98.20288710912553
0.011849400121718643,84.3924578230007
0.011136299930512905,89.79643205011477
0.009589500026777387,104.28072341703266
0.011416600085794926,87.59175170235203
0.012717299861833453,78.63304403170926
0.008484099991619587,117.8675405744603
0.011096900096163154,90.11525663331496
0.01094889990054071,91.33337678524353
0.010770800057798624,92.84361371799373
0.010380800114944577,96.33168820584106
0.010756999952718616,92.96272235710758
0.0107207999099046,93.27662193155311
0.01465760008431971,68.22399262139591
0.01597579987719655,62.59467492625358
0.012430300004780293,80.44858125833103
0.01139540015719831,87.75470682951966
0.010616999818012118,94.18856712265026
0.009914300171658397,100.86440622996861
0.007533199852332473,132.74571491560445
0.007395500084385276,135.21736036639115
0.006355700083076954,157.33907939782378
0.006997799966484307,142.90205561597378
0.010964599903672934,91.20259825121562
0.00752380001358688,132.91156040752634
0.006689700065180659,149.48353293220396
0.008081200066953897,123.74399739084011
0.00812769983895123,123.0360396932469
0.010046500014141202,99.53715210196835
0.007096400018781424,140.91652067997677
0.007060900097712874,141.62500335104787
0.009013099828734994,110.9496198868078
0.009590300032868981,104.27202450107762
0.007837600074708462,127.59007737929234
0.007778099970892071,128.56610274260976
0.008888700045645237,112.50239009807979
0.008313899859786034,120.280496140801
0.00653280015103519,153.07371676470765
0.0087075000628829,114.84352486687408
0.008078999817371368,123.7776980573526
0.007899800082668662,126.5854818521162
0.00854699988849461,117.00011852651734
0.009198100073263049,108.71810396005482
0.007662600139155985,130.50400410299204
0.008712599985301495,114.77630118300394
0.009943199809640646,100.57124659512809
0.008277200162410736,120.81379939817111
0.008356299949809909,119.67018967799837
0.008890900062397122,112.47455184311056
0.006272099912166595,159.4362357111378
0.009250900009647012,108.09759039198146
0.009361099917441607,106.82505355346112
0.0072017000056803235,138.8561033105034
0.007785900030285119,128.43730283079168
0.007861800026148558,127.19733352081879
0.00931790005415678,107.32031833222905
0.008777400013059378,113.92895373483705
0.007719899993389846,129.5353567865191
0.009198399959132075,108.71455953676058
0.009148200042545795,109.31112080510607
0.007685699965804815,130.11176658589275
0.00596960005350411,167.51540991644953
0.010551000013947487,94.77774605990794
0.006123999832198024,163.29197050958774
0.010526400059461594,94.99923946944766
0.009609200060367584,104.06693519936421
0.007544999942183494,132.53810572072766
0.007008299930021167,142.6879571344173
0.009059900185093284,110.37649196680456
0.00852629984728992,117.28416991080246
0.008276700042188168,120.82109958108657
0.007817300036549568,127.92140449062053
0.007611199980601668,131.38532722154932
0.009760099928826094,102.45796736635216
0.006523200077936053,153.29899252705445
0.008521300042048097,117.3529854676552
0.00982859986834228,101.74389164228565
0.008201600052416325,121.9274280151449
0.00780220003798604,128.168977356562
0.007862800033763051,127.18115629368369
0.009962700074538589,100.37439574796332
0.0061582999769598246,162.3824762907492
0.008189399959519506,122.10906842296572
0.010180699871852994,98.22507416850011
0.005442100111395121,183.75259174415353
0.008448600070551038,118.36280468354299
0.008928299881517887,112.00340638983907
0.006823099916800857,146.56094915709068
0.012501800199970603,79.98848037919782
0.008457699790596962,118.23545701063692
0.008878600085154176,112.63036857264139
0.008850699989125133,112.98541372193175
0.007739400025457144,129.2089821834649
0.007819399936124682,127.88705120198813
0.009548800066113472,104.7252003472953
0.01075019990094006,93.02152603809294
0.008551400154829025,116.93991415374174
0.00889130006544292,112.46949182230586
0.008851399878039956,112.97647985387808
0.008717000018805265,114.71836616297931
0.007936500012874603,126.0001257957284
0.008441499900072813,118.46235998787068
0.007849800167605281,127.39177796230035
0.013672799803316593,73.13790989300021
0.008774200221523643,113.97050155602099
0.00941529986448586,106.21010635805246
0.009911600034683943,100.89188390377655
0.007967399898916483,125.51146078860606
0.01025880011729896,97.4772866773907
0.008310599951073527,120.32825618935301
0.009778300067409873,102.26726456604693
0.009218999883159995,108.47163604228511
0.007267400156706571,137.60078961348654
0.009089799830690026,110.01342368659046
0.009029700187966228,110.74564815924762
0.007221499923616647,138.47538746482232
0.008737599942833185,114.44790406320067
0.008916400140151381,112.15288505244473
0.008005599956959486,124.9125618787225
0.01053099986165762,94.95774505143676
0.009495600126683712,105.31193254335624
0.010425799991935492,95.91590101224986
0.009477699873968959,105.51083208981504
0.00845580012537539,118.2620195809803
0.008078299928456545,123.78842192741683
0.008984399959445,111.30403861292187
0.008887700038030744,112.51504840633336
0.008208000101149082,121.83235717309563
0.007869599852710962,127.07126394177648
0.0073853000067174435,135.40411345381102
0.011006700107827783,90.85375182420175
0.008215900044888258,121.71521008488617
0.00814999989233911,122.69938812391722
0.008598299929872155,116.30206065803856
0.00627050013281405,159.47691233860544
0.009630199987441301,103.84000345829737
0.007699700072407722,129.87518872112335
0.0076594999991357335,130.55682487275095
0.00806689984165132,123.9633588651693
0.009883000049740076,101.1838505481238
0.00792049989104271,126.25465737723192
0.009735700208693743,102.71474866358605
0.008400199934840202,119.04478557140713
0.007533699972555041,132.73690266973185
0.006010999903082848,166.36167295346857
0.009683400159701705,103.2695110712852
0.009166099829599261,109.09765533763772
0.008533600019291043,117.18383774015673
0.00626320019364357,159.66278724650783
0.009471199940890074,105.58324248680395
0.007315899943932891,136.6885834502568
0.007459999993443489,134.04825749046768
0.006798099959269166,147.09992586038786
0.008411800023168325,118.88061975388563
0.007524200016632676,132.90449453622213
0.008814499946311116,113.44943060763212
0.008494399953633547,117.72461921483249
0.007717000087723136,129.58403377380876
0.008757600095123053,114.18653388351014
0.008957299869507551,111.64078623784842
0.007723300019279122,129.47833147796555
0.008809300139546394,113.51639564541976
0.007863199803978205,127.1746903206088
0.00944960000924766,105.82458506406304
0.009470700053498149,105.58881543615507
0.011985199991613626,83.43623808528247
0.004062900086864829,246.12960659134947
0.007115599932149053,140.53628780925294
0.008668099995702505,115.36553575706127
0.007819500053301454,127.88541379672888
0.009315500035881996,107.347968026208
0.0077056000009179115,129.77574749284642
0.008557699853554368,116.85382954680965
0.007890700129792094,126.73146660641737
0.008130299858748913,122.9966935258744
0.009679100010544062,103.31539078123339
0.007312700152397155,136.74839377520394
0.009036199888214469,110.66598928430716
0.010690400144085288,93.54186807995893
0.008417799836024642,118.7958872246428
0.010483999969437718,95.38344171262263
0.009342100005596876,107.04231376252635
0.010514400200918317,95.10766005584047
0.008236699970439076,121.40784581069215
0.007223199820145965,138.4427988840813
0.008324600057676435,120.12589110246341
0.007840000092983246,127.55101889539442
0.010296599939465523,97.11943805519049
0.007710499921813608,129.69327671879248
0.009129800135269761,109.53142294285861
0.0076114998664706945,131.38015076438288
0.010430300142616034,95.87451811805572
0.0096110999584198,104.04636350951178
0.009096399880945683,109.9336015443549
0.009655100060626864,103.57220471261219
0.007090399973094463,141.035767205608
0.01235199999064207,80.95854928413247
0.008545699995011091,117.01791551116838
0.007952600019052625,125.74503905694074
0.009402400115504861,106.3558227383844
0.00851169996894896,117.48534413196448
0.0079411999322474,125.92555388754643
0.01057450007647276,94.56711832882799
