X,Y,Z,Roll,Pitch,Yaw,Vx,Vy,Vz,Wx,Wy,Wz,Act_m1,Act_m2,Act_m3,Act_m4
0.0,0.0,1.5,0.0,0.0,0.0,0.0,0.0,0.0,0.0,0.0,0.0,61595.6,61595.6,61595.6,61595.6
-26.75272756246246,-10.567018847959893,-15.838566317459367,-0.017274372088588133,0.03616841529221794,0.03704206804578458,-481.5490961243243,-190.20633926327807,-312.0941937142686,0.3109386975945864,-0.6510314752599229,-0.6667572248241225,56564.416915899514,61595.6,61595.6,54405.744420933726
-26.757226683710364,-10.56774602040151,-15.83507927467786,-0.016577198854129022,0.03590227794412752,0.037026573490915884,-321.11371493201176,-126.8173152794678,-208.00002903944522,0.19474334684279362,-0.42923051124098777,-0.44422591456177846,56081.67633154988,61595.6,61595.6,54323.8308406353
-26.748670544335383,-10.565794688358729,-15.832925868994593,-0.015895927063248244,0.0362525453934976,0.03709987356723864,-320.9327096957747,-126.77782826804807,-207.98218999383553,0.18666349401369425,-0.4371321494181918,-0.44563828326480026,56091.78465259671,61595.6,61595.6,54326.082567107675
-26.601124528979444,-10.50301807240606,-16.04214698131788,-0.019991241899517634,0.04093884295449294,0.04015183641192155,-318.3282182556177,-125.65955717315671,-211.76109044975428,0.2644667918118279,-0.5193839008198873,-0.500133814011156,56224.57393406033,61595.6,61595.6,54401.891470456125
-26.719367407494342,-10.504756110251614,-15.941059750215192,-0.02146664993160806,0.03276558401003226,0.03189736015885837,-321.3418661610215,-126.06750155009271,-208.6861936159662,0.26645224737183926,-0.3441474544536231,-0.3332414643879214,55914.38438587785,61595.6,61595.6,54320.15244777202
-26.576939001856488,-10.461799868924128,-16.08477174852231,-0.021441791233709474,0.04368250125068116,0.04159599928065234,-318.06869758845073,-125.28386097912463,-211.87953297211044,0.25715234261712216,-0.5896915184520675,-0.5573438260985919,56162.915211623906,61595.6,61595.6,54395.7625957489
-26.682925218625606,-10.501838937796382,-15.84359522895322,-0.010140894483280294,0.041092103903334336,0.04688627383546967,-320.83101992412196,-126.26230166679011,-206.67608363002415,0.05388535329678843,-0.47756286275593113,-0.5943769333545401,55926.69370154738,61595.6,61595.6,54283.42292237282
-26.738833486079038,-10.473716099270103,-15.910849834380688,-0.021003790407217685,0.03176874825876862,0.03137980473643956,-321.20145143766905,-125.51585616008356,-209.33372564513306,0.3172228604302366,-0.32528484523782913,-0.28351884224309404,55843.61312182546,61595.6,61595.6,54328.66271555424
-26.750738976588142,-10.496264621457101,-15.9217769036098,-0.02049597867154288,0.0316221654864395,0.03130332129635373,-481.5966660368871,-189.49257967836655,-313.15828316344846,0.3465511061759945,-0.595596980956607,-0.5974333631904372,56320.34832347035,61595.6,61595.6,54395.06269648075
-26.73381524240004,-10.571817846331845,-15.95635037927201,-0.02132273988403347,0.031235855335685448,0.029168128938573852,0.3014955183902188,-0.5152703643615766,-1.599927339035922,0.04935794141353296,0.06310540447145672,0.10739139076242021,50396.4,50396.4,50396.4,56965.573510092494
-26.749004969113486,-10.580496633708899,-15.887209831773077,-0.017824230433207074,0.03585765443871905,0.03494366493527367,0.05885905113176193,-0.1933720916943109,-0.19780296604942293,-0.010114308501306435,-0.02929691724952041,-0.01009811377042889,50396.4,50396.4,50396.4,56368.52438933253
-26.714237843676443,-10.441716223927646,-15.974881296039385,-0.02362605712605872,0.030517064699636432,0.028724119746301537,1.5070712526651633,2.69828372757652,-3.4848205840750737,0.15214440992845196,0.0727515213948577,0.11951453991698066,50396.4,50396.4,50396.4,57914.99145656824
-26.70136230697027,-10.588589132909767,-15.791472280039244,-0.01125475864752308,0.03039697645949241,0.028999871527102355,-1.8350573867422852,-1.9185184070105343,4.715073897960622,-0.17021314170260596,0.1762624810476346,0.18169592545140448,50396.4,50396.4,50396.4,53345.316926765445
-26.75687663370041,-10.473801514112257,-15.970294526749974,-0.022259282474065164,0.027631927720502457,0.029616100307031296,0.07137375897345777,1.3179183144222755,-2.286022788524477,0.07538958128134626,0.012692664464403935,-0.034514089188412575,50396.4,50396.4,50396.4,57486.464862596986
-26.722942974265692,-10.517012933747898,-15.950645633966275,-0.02206823687543155,0.030182107684577353,0.030347323065486147,-2.1843630129168403,-1.1620597089326061,3.1744658487891755,-0.06143430639371182,0.1622460270928773,0.09885513070236128,50396.4,50396.4,50396.4,53854.38066585064
-26.764339163544296,-10.638871673001988,-15.91055461236651,-0.01619126038864303,0.034527014981356144,0.033441515697464376,-1.5607940794165032,-2.2068082268341414,-0.9664941039257187,0.10251990748724608,0.10865175715045985,0.23581075645837485,50396.4,50396.4,50396.4,56254.76991898268
-26.739531486132822,-10.563969479588227,-16.000307387657735,-0.023418027983902814,0.030208298180239977,0.032297151847727135,0.06903712076880453,-0.768918536456912,-1.677569706446576,0.06928458607773143,0.04551719838301538,-0.0036830815965124748,50396.4,50396.4,50396.4,56859.75438132882
-26.730962825952506,-10.584470905937248,-15.965055675528227,-0.01993229844738552,0.030742527841262655,0.03290147972088098,0.3902681738381304,-1.6348033211043607,-0.5152758442173351,-0.022717972634048525,0.009668134680510374,-0.00999271418657079,50396.4,50396.4,50396.4,56005.25449483842
-26.762760233281526,-10.551731878031136,-15.982539951463487,-0.020982289891663303,0.02909709607154469,0.03321265286394612,-0.6292626948325974,0.3853930627828568,-0.004337236915688436,-0.018776507947733688,0.007806907169795274,-0.08505454194305695,50396.4,50396.4,50396.4,56244.14685323089
-26.64891266527559,-10.50823285103008,-16.107219464106077,-0.01948029536236639,0.042124946260959556,0.04520135493458834,2.092795806712644,1.9608420128396844,-3.9142214494493786,0.04567177213124017,-0.12133106456887965,-0.15770722128179665,50396.4,50396.4,50396.4,57599.58537256718
-26.78079469226668,-10.498118668481716,-16.00759321057042,-0.02130271915870247,0.029400127624787366,0.03765238630067394,-1.5127211247923853,-1.4973816932513913,1.3056686428423703,-0.09117330370147239,0.09047268615608609,-0.06349989753378732,50396.4,50396.4,50396.4,54596.81249879002
-26.780792490430162,-10.501151663323238,-15.997021786892937,-0.021836790832863197,0.030905187761700058,0.03967986504138443,-1.28623495088042,1.7197773787742818,-3.4760990204437974,0.1962159592282983,0.001461395985971764,-0.1440221672952215,50396.4,50396.4,50396.4,57476.86736454964
-26.85233672355982,-10.545912006267102,-15.927230387729765,-0.022299105955418487,0.027203193694580848,0.03779740110586978,-1.3711845204825224,-1.393156481335172,1.0534114199237479,0.0021054989197699463,0.012055692929325179,-0.091268162523703,50396.4,50396.4,50396.4,54966.04524217248
-26.7110957565249,-10.42281655125752,-16.110630508890814,-0.025465775824605887,0.04006693720886296,0.048884250913949726,0.7412352794273644,1.1377768844174732,-2.77967309646219,0.024508627684485286,-0.2218698591577927,-0.30752938882191194,50396.4,50396.4,50396.4,57254.36773508191
-26.946653639163813,-10.366001980083377,-15.98702333620275,-0.022042739289538642,0.027879676348651353,0.038090604413027,-3.45227493879883,4.0647369025507665,-0.7144983016538262,0.09304013317190259,0.1788039295604241,0.0158389975172083,50396.4,50396.4,50396.4,57774.38246124983
-26.943175366839448,-10.404424422947182,-16.00063620045138,-0.0209294364209395,0.027708542102493936,0.039616858228656404,-2.3714449734514176,1.5609974644155855,0.12588733376155403,-0.05745729318625838,0.02781850044376093,-0.10061996670385069,50396.4,50396.4,50396.4,56433.732755875586
-26.991545708118238,-10.302359635677655,-15.98910035089899,-0.021781550529822735,0.028984396545585617,0.043009373168281635,-3.6080010776356417,4.194158134168948,-0.32422666274639766,0.0336036583082127,0.023315039507882156,-0.1435168498649501,50396.4,50396.4,50396.4,57651.20269327164
-27.061538031605526,-10.273956026101079,-16.042921817795975,-0.0224476132603562,0.026267901418009016,0.044983258816622365,-3.322202112776104,3.764726042626485,-1.7955882732273025,0.012568289631734068,-0.027917794528601502,-0.2250227977460127,50396.4,50396.4,50396.4,57948.16090779305
-26.932812847650816,-10.320435605803185,-15.921065853362148,-0.026475628967721192,0.017017704403050754,0.04662638769757104,-3.4257432467210194,2.035374559800278,3.562736636744056,0.1190466402864641,0.4331369962016883,0.018334645362002012,50396.4,50396.4,50396.4,54722.496150559185
-26.89411400989414,-10.175624616026354,-16.258703748515867,-0.02140143046043837,0.033956301478340584,0.055786893034529036,-1.1276255739703132,4.720596599076192,-4.975725284202781,-0.026056225377901754,-0.16533602951585374,-0.2847419852722721,50396.4,50396.4,50396.4,57602.66649802923
-27.078265217866377,-10.164117188870799,-16.120283299454364,-0.02369894194867738,0.025296064948749294,0.04974779671305902,-5.103845375845957,3.84489619869942,-0.2298670613890792,0.03890477305453601,0.14148285733567217,-0.07328581851818702,50396.4,50396.4,50396.4,57262.646288478376
-27.105640127689764,-10.084609148124947,-16.2008157746054,-0.022250550034600993,0.02484925071874787,0.04978990953694407,-2.3564445062901456,6.751255272238453,-4.8666202203801205,0.009726996680856142,-0.04625425999568837,-0.21068387696468155,50396.4,50396.4,50396.4,58579.512268579005
-27.030948443742613,-9.848921291202,-16.343478541514116,-0.021179069764273712,0.029662565180870216,0.06180342044346677,-4.8034294387630965,8.641757689248792,-2.9085099568035417,-0.07840757355635325,0.16909614272444845,-0.1623492207878043,50396.4,50396.4,50396.4,59059.67771091461
-27.09354491614666,-9.836796719567507,-16.486350137251407,-0.02426890483512205,0.028666883797681342,0.06362332346865684,-2.1174045242722315,6.192675898814559,-6.930828372499391,0.03857317976049606,-0.002445595612282103,-0.326469569712475,50396.4,50396.4,50396.4,57217.918069261315
-27.299416531429966,-9.857675922107436,-16.538437035980625,-0.017784794849585363,0.012991895990228052,0.07363149172186795,-5.8003457144588,7.0480955184545335,-6.6969163214119405,-0.07152767411617036,0.2629945535333603,-0.48857970107555654,50396.4,50396.4,50396.4,57850.51261068582
-27.06595734338799,-9.557787542795952,-16.876450803321905,-0.026184665813940588,0.0168489026493496,0.06877837672827515,0.08786156409112067,10.904617047908816,-12.999216834504566,0.10723298557874641,0.13878285756556252,-0.29195266664840974,50396.4,50396.4,50396.4,58450.14404934645
-27.205612087166177,-9.431568768542947,-17.431114287033008,-0.019167055306086072,0.011552885843979744,0.07100101729006235,-1.794466025668676,10.587082258002969,-19.255154746508055,-0.05730426425417869,0.26385746981031993,-0.335407718337695,50482.74360556602,50396.4,50400.11343789101,57361.19616064429
-26.930801689573276,-9.402349843840206,-18.03094398325296,-0.019490434378398754,0.01970262252362062,0.08310502899655581,1.9051893090279464,12.061208630433185,-30.94334310693178,-0.11232725168169008,-0.18274901997642262,-0.5653307978485259,52662.78196921349,50396.4,50828.75317723751,58241.16470813751
-26.93109587058952,-9.228955508424667,-18.627916898047097,-0.008753163409119311,0.011141076079884685,0.08080130005360325,-1.5504546622754631,12.469439866646816,-31.181872588770567,-0.20241776150207133,0.3771134026214341,-0.25011593264235515,51665.45721950531,50396.4,51103.68809504509,57647.47373543978
-26.90994626053842,-9.169750124084977,-19.147345735195977,-0.00784583308583407,-0.00491469513926222,0.06234572863997049,1.9824756893017863,12.764685327943106,-39.924517102698836,-0.20437163977828954,0.46154463375102817,-0.040694431584451365,53518.190377187726,50396.4,50763.54038834572,57738.83695714474
-27.073710396030762,-9.014254998413797,-20.054570012674628,0.006258158907651243,-0.029709461940688475,0.061430242605079344,-0.15127792936313256,15.191347692098569,-52.544373123154955,-0.4331573408899024,0.7745932659490596,-0.20627214604741254,53171.46421813965,50396.4,53661.57176796198,55643.0945681572
-26.893540337870814,-8.87508583545335,-21.011918314242436,0.0064900027106032845,-0.03793286742892587,0.0735801820966469,2.3543387849970046,12.59378787655345,-62.62259665657043,-0.3148809220911462,0.8664597125461106,-0.22514019493870752,53519.357877254486,50396.4,54545.93154087067,56173.95308117122
-26.511767036231042,-8.475178448281184,-21.92624027864765,0.009200986683458874,-0.060491348952893854,0.05852449915796102,8.036744677126187,18.613588363229297,-71.07713487556153,-0.4568092619733247,1.29929960899543,0.0914709798411986,53990.24089303017,50396.4,56336.085501775146,57384.28883134723
-26.165598417753568,-8.30329901740925,-23.267359327173548,0.016342473234380116,-0.06876263182479685,0.06556638256167979,17.083584203233478,21.48312971747875,-90.82186438951814,-0.401976910526982,1.0075399910569875,0.083648699461502,54915.1027885735,50396.4,58173.095916366576,59663.07031545639
-24.96542287063506,-7.3794837066621355,-25.818644705532407,-0.007376402311241855,-0.10051105717715393,0.05939670728964572,31.56953849307708,32.43985054360651,-125.94201999894578,-0.12549157180578005,1.6305861708644038,0.1362622415250345,55700.20452943444,50396.4,59567.76018922329,61595.6
-23.89800347553947,-7.386851381214423,-27.83994164564557,0.008831471902139197,-0.12155356835350412,0.07145486522641639,47.744682095651456,24.667716148845017,-140.63268812134942,-0.43128929734511345,1.6746340973500622,-0.15041919309583332,58974.33973076344,50396.4,60230.34484689236,61595.6
-23.373022260724632,-6.680721456202019,-31.03610023846997,0.0730123839701201,-0.24272243917511432,0.055076012519951235,45.84147534897528,37.936686214225894,-178.82066410831536,-1.5595429184057883,3.9274832439768965,0.4484436876157611,55907.975234389305,50396.4,59894.35481553078,61237.19817276001
-22.096350613689726,-6.054680035496473,-32.58891717930418,0.06725504504747869,-0.3021388781864654,0.050685986702006774,65.80387062531358,42.20278650540975,-179.96547804298356,-0.882998449883039,4.212192712579189,0.49845734360862115,59457.849636912346,50396.4,60209.44966630936,61595.6
-20.443306393171405,-5.535264875403671,-34.82454267369689,0.06603559833498314,-0.3230024882409366,0.07148030084936342,86.53535891856004,47.66328469875957,-206.9834618932391,-0.9638844487357451,4.091003778355477,-0.22888783518750824,59915.241985821725,50396.4,60294.62043161392,61595.6
-18.802095684666185,-4.729176224878411,-36.72474119648731,0.06804913755936892,-0.36225581380935884,0.0732417844322065,110.18766113636596,57.09249216333889,-217.18733515190152,-0.7549640419846392,4.275416608764003,-0.22520704037198963,59985.579359054565,50396.4,60290.21109960079,61595.6
-16.453684840623822,-3.993389494352018,-38.64979330087089,0.06731019274914528,-0.4139291016540646,0.05681250876797408,141.6593708410567,65.39452079940733,-228.69074425227421,-0.7416745154382957,4.957345426913707,0.39012183156158375,60452.600079011914,50396.4,58959.07912311554,61595.6
-13.874945275590335,-3.353841872606779,-41.43323362640841,0.07642590793660911,-0.4611176671802683,0.06664222153545729,169.19131022875428,66.3246012237959,-258.83127641750957,-0.9042422654681133,5.140274909117134,-0.1986422455571672,61595.6,50574.05425972938,59288.92726304531,61595.6
-10.416119379847395,-2.38158550214846,-43.77960614960632,0.07614726995387432,-0.5091023923863839,0.06640707970877902,216.94775711204275,82.43699227036208,-275.532909278534,-0.57367247946379,5.76247603008988,0.028340536827083394,61595.6,50396.4,57812.31102724075,61595.6
-7.616072691344642,-1.7104323432803006,-46.036748003430134,0.09651941357529482,-0.5811247142168412,0.08854627492097952,231.39699865307506,72.01132926647725,-268.28787233839455,-1.4662298976472496,6.325752882517092,-0.5549789304698327,61595.6,50396.4,57852.38835407495,61595.6
-3.446590808873569,-0.3486486814605988,-48.30713859511955,0.09683202295293387,-0.6325990024771626,0.06709544657566534,273.58373058370626,96.8659139180385,-278.4056585007706,-1.4429677412832558,7.1684041639754925,0.27929111011968866,61595.6,50396.4,58309.341305088994,61595.6
0.935009514819106,0.4916806695760837,-50.56317099315015,0.10544785972083319,-0.6772526419649375,0.09905905137178926,325.6460131308903,94.8670501397906,-257.1779450893511,-0.4063766960801046,5.838782904472634,-0.693237940091133,60584.80394163132,50396.4,55098.21247439385,61595.6
6.204677379668469,1.762714536706571,-52.486480731818645,0.09985075538466111,-0.7303951968998509,0.06536278297843799,381.14860843250443,104.55142902977624,-263.7243740285408,-0.3502492177541833,5.583112814496934,-0.09870982984120695,60571.2158162117,50396.4,55068.85909292698,61595.6
11.377576194171974,2.8040087679932384,-53.99053245407036,0.13491137092944785,-0.8244315032483243,0.07899242135375693,422.73524818617295,111.15558101163447,-250.41737883473442,-1.0489541997486116,6.816885971590027,-0.18249217780169422,60714.6975025177,50396.4,55507.1345043689,61595.6
16.136909888710374,2.851088219874586,-54.468312786130426,0.3495812139139851,-0.8370829493173104,0.24335169650597024,461.9145341120032,95.6603704314824,-227.33985369437931,-4.661970305301276,6.083874029577571,-2.9288989418130504,60672.1101172924,50396.4,54715.38309465647,61595.6
23.363847872575448,5.257403301195677,-56.7117115892634,0.28024702407536023,-1.0435149101257006,0.1267794525444891,536.6444578517827,129.28468976497032,-246.9040542327331,-2.193931128007613,9.076752859667197,-0.19914813815419294,60672.11245362759,50396.4,54715.39828083515,61595.6
31.066925699231007,7.100876643961975,-57.561038191116054,0.3618948620885811,-1.1252457846740334,0.19184530581266657,606.2738740322471,142.35100047817275,-212.70784952679514,-3.9138426500065813,8.74783100845187,-1.8914212799755066,60214.265520644185,50396.4,53676.16034548283,61595.6
39.15066872061421,8.434229776472877,-58.321629064404995,0.4065263913192013,-1.1886892815440775,0.2259511784002982,660.104195464855,141.8168210917304,-192.61067134026058,-4.354571493496168,8.967837582095331,-2.2519995910972233,57169.42159171701,50396.4,53837.69672943353,61595.6
48.175103080355214,10.253534680891052,-58.20859055516524,0.5504653424745944,-1.2650630623549703,0.33316560494415404,748.6576067136707,162.6541356874835,-159.00622311551916,-6.312860509989788,8.974348592084835,-3.4500135494693445,59548.31921041012,50396.4,52889.644120550154,61595.6
58.21821334794506,11.951742157508868,-57.54474965120247,0.8986785169635361,-1.3468728899243234,0.6786281789681947,826.5259134295186,162.83591103356056,-120.40448163740216,-11.763131995668271,9.330067451708697,-9.602949861631341,59144.91923379898,50396.4,50599.50095500946,61595.6
67.7572957969171,14.011548110229235,-59.531250048328566,0.6071714433503359,-1.328954160931679,0.45325696650218644,890.7199372681046,182.22344820694295,-131.0758094769085,-4.238057935857799,8.031761183254513,-2.695970096408609,59321.39397802353,50396.4,52122.60158312321,61595.6
77.88789765262479,15.212923269120145,-60.19949868553197,0.5346694993495125,-1.342699703662686,0.43436122007198946,952.0196472967427,174.85852113002835,-105.59001760129063,-4.993176956841997,7.994345175630903,-4.39638459679335,57751.64341156483,50396.4,50396.4,61595.6
88.90691600355815,17.10629063690626,-60.35084874585021,0.6946755213231282,-1.3763671787568046,0.6288589120234621,1025.0221899854646,183.27006334496102,-80.09857785562795,-8.96522499447308,6.9011416330803925,-8.751539690658579,58270.49339120388,50396.4,50396.4,61595.6
100.33508134054642,19.243090210786782,-59.912132387116124,0.5545392968573899,-1.3938260551510435,0.5456615682692897,1122.3086773471528,223.962711822156,-76.15392987822173,-1.2026745094946787,8.024262293220573,-2.429100934865912,57518.28558089733,50396.4,50396.4,61595.6
112.57929836104287,21.060051769323504,-59.099987830943455,0.814339048826535,-1.4253776433317702,0.8458068626828864,1190.2691749445212,211.59439102535208,-28.88240717424054,-8.457789836908292,5.26204757484719,-10.819595807751412,53963.02826211452,50396.4,50396.4,61595.6
126.00011214887269,23.35095889394108,-57.44633356098099,1.1638414598156641,-1.4228559893555288,1.2228499236190689,1268.2255782509785,216.74654854252012,6.734835941661944,-11.988162814043491,3.9368535135407625,-14.838949014819713,53839.19215083122,50396.4,50396.4,61595.6
139.4790901675682,25.618215496604414,-56.58312720654072,1.2349009120165684,-1.4137181678877724,1.2883973580920451,1338.9615316340667,230.7271976840675,26.719491476451395,-11.230484668506188,3.1037623921831576,-13.785925322401955,53287.29637885094,50396.4,50396.4,61595.6
153.46632948697075,28.542556708495532,-57.74772055245644,0.9437532130940682,-1.3781146050031452,0.9520104716538238,1407.6768144013408,247.20355646230738,2.525925380787811,-5.061847300832335,1.6338560998864537,-7.480592526030954,53538.9860966444,50396.4,50396.4,61595.6
167.77762688388458,31.43968013527524,-57.93648974239367,1.0059804318051433,-1.3398731877857435,0.9642199056545661,1457.8152415065895,263.5968320101969,-17.75249861667426,0.08805615131346442,-0.42095730292323524,-2.14813004944486,53704.84954023361,50396.4,50396.4,61595.6
182.67549468798845,34.20454947442251,-57.455863230439654,0.9632756831276841,-1.29676899624573,0.8534798301171582,1529.1892046517253,266.1134833585483,23.7789090631706,-3.5820107212584817,-0.5623738690854273,-4.024859431574033,53627.767501091956,50396.4,50396.4,61595.6
197.44868427553496,37.16981322938721,-57.88955089477832,0.981195687477137,-1.2794557607285981,0.8029657588612068,1589.4826871058015,292.63446625970965,24.20914714110245,-6.425870415469907,-0.6608018777471344,-5.287156189643736,53656.60555377007,50396.4,50396.4,61595.6
213.55785646073048,40.17126447451043,-58.781709921279344,0.8241181619506024,-1.2221099273323153,0.6490618603372662,1661.035310619171,307.6091909652725,16.109009888248707,0.22997081242394746,-2.0904087591061353,1.1801720739030284,53656.58085536957,50396.4,50396.4,61595.6
230.1833577639112,43.315402223553406,-59.20069847615958,0.632185951434439,-1.146586310963001,0.4867668589212231,1731.3976270224405,318.63433999867766,10.896142939233115,-1.3389651036424794,-3.2307090993880356,-0.12036524580852301,53657.550768232344,50396.4,50396.4,61595.6
246.61605638261764,46.205932507709356,-58.67843816422563,0.6668141421602884,-1.140499525244711,0.5166840283292851,1787.562170698115,332.83919331327144,18.11408349199236,-0.5344847302949127,-3.4701880552118993,1.5077126301777497,53656.67097115517,50396.4,50396.4,61595.6
263.6949929641654,49.230230019223015,-57.86747411065338,0.6661395264991328,-1.1407943130073908,0.4946646453793901,1835.6860573849722,342.30057818844523,4.991335852006358,5.550114180559885,-3.4377983184081176,8.47705502973766,53656.59420585632,50396.4,50396.4,61595.6
281.80538270272075,52.89898635589711,-56.68083308856903,0.6487359146448061,-1.1152328423622637,0.48570134170522733,1900.501284769578,366.92783560290366,-1.0401845273278951,8.88528783312211,-3.9488141074846297,11.704453337316117,53656.58018784523,50396.4,50396.4,61595.6
300.32362031720464,56.534627430768886,-55.053630275416765,0.6496420718351359,-1.1109685631142734,0.4970477927300478,1959.2647000311931,375.10143567718916,40.95968506376637,3.15053343969876,-3.4607866814588135,5.318216836931936,53656.58018784523,50396.4,50396.4,61595.6
319.33361988127757,60.15107811354891,-53.04849590359743,0.6772653808965904,-1.110021150327221,0.5227929206530718,2022.1191201777765,382.8246958708479,73.570491368195,4.035069248598664,-3.0225340754646646,5.807093505704233,53656.57985408306,50396.4,50396.4,61595.6
338.67600111936474,63.69800549578903,-51.832383894971116,0.6157011609642616,-1.0812994274630978,0.48546444767569163,2076.699502130318,392.9946190796273,72.17629809134834,4.432759559458324,-2.8618445756791173,4.943239854697589,53656.57985408306,50396.4,50396.4,61595.6
357.76435477309315,67.38141564135076,-50.145994791678,0.4900620373936372,-1.0294024677489801,0.41470840418045357,2134.973201004242,402.6483972876723,97.68805369795635,7.589903695584954,-3.6560962744178185,6.00704790828411,53656.57985408306,50396.4,50396.4,61595.6
377.53842410335307,71.195635463873,-48.28229583691909,0.4410309097556108,-0.9953294526171382,0.39900691837190644,2186.164235512115,414.04259730174215,134.66123141159508,6.042827055265038,-3.3789454855890613,4.068638226931858,53656.57985408306,50396.4,50396.4,61595.6
397.75256148565063,74.3156040950544,-45.294732892585735,0.433235814656784,-0.8705963558131505,0.4418910922758757,2230.7114606668974,408.06541595003597,187.93052654048998,2.2264030675697244,-4.096798756931872,0.10170113987198195,53656.321855926515,50396.4,50396.4,61595.6
419.5234349219977,79.18510731509794,-43.959964574946106,0.31221066268126907,-0.9764526783804119,0.3912202376054958,2307.98740257993,443.1129020780062,189.49607729862555,4.985440359568257,-1.3316555003919412,1.9417069144071202,52921.60952475071,50396.4,50396.4,61595.6
441.00986577956684,84.00028976881663,-42.22783572783794,0.3045550830533195,-0.9227948488029456,0.38045285467417705,2365.3593973615643,468.1443497374801,205.1882798089404,4.4893684702434165,-3.0913093717889017,1.4889256080954454,52300.142029953,50396.4,50396.4,61595.6
462.5057194684516,88.2571621597163,-43.26856147019869,0.33536916025044766,-0.9190705722395374,0.4275743888707912,2408.4885890089827,471.653190440459,164.4661218451932,3.570079646407554,-2.4018785763411072,0.3467155226846261,52364.104879522325,50396.4,50396.4,61595.6
483.6395100345614,92.49809170779837,-44.53654454262676,0.4059687605243998,-0.917164258135108,0.5032137497499681,2440.6534173893774,478.7058527095263,130.62793658982773,2.3347422797163935,-2.3427740210988746,-0.6822984170522499,53118.47980759144,50396.4,50396.4,61595.6
505.9989300310417,97.23147152691243,-46.23634210224612,0.38607407252173215,-0.9132895116500264,0.5267253816481439,2490.194529204575,494.6465641684873,78.84373231025737,3.9830491481082775,-2.556358480221566,0.03571151453436183,54254.97403638363,50396.4,50396.4,61595.6
528.1875205967987,101.90122127645559,-46.75100343370427,0.470695276981604,-0.9056167934613061,0.6199977140206085,2521.7998990461197,508.5575487386279,68.00693216621195,1.986178122456407,-2.4656096754385284,-1.7494969294023626,54194.807731485365,50396.4,50396.4,61595.6
574.9336295952717,112.23732376027185,-47.818997609573984,0.5448099677310376,-0.9014721848723897,0.750216360223971,3005.1523678385397,623.1728312650841,32.69819485858336,-0.8074765427172487,-1.7644691368436356,-4.7131984348911,54255.115217781065,50396.4,50396.4,61595.6
598.4185215013907,117.93280914000991,-47.241373100945495,0.5417034546708174,-0.882766712094984,0.8141115152038215,2912.7553445069516,613.7388081791596,33.882197549454204,-1.1426608900281963,-2.2113843037542105,-5.6219311352859,54255.11555154323,50396.4,50396.4,61595.6
622.7912544050297,123.61962910427232,-47.137743830866306,0.6438876090611867,-0.8708559426049662,0.9063673630564119,2977.3259530724654,654.9862392164508,-13.485745733053955,-2.4147755473419594,0.5667883599652501,-5.823225208459697,54255.11555154323,50396.4,50396.4,61595.6
647.2382042246925,129.11113330039015,-46.04662669576926,0.7542608218234103,-0.8443479517691664,1.017073016301721,3008.1775156957287,660.9524317225257,-8.10046955664663,-5.920907708511339,-2.066251641814543,-8.109862966238644,54255.11455025673,50396.4,50396.4,61595.6
672.0123609808172,135.52800658922652,-45.97435640024677,0.7955348409610177,-0.8059381721291266,1.0582677861960357,3049.650005085062,682.3750759233351,-50.768980749935466,-6.324285672900792,-1.6550844573065173,-8.663677002807876,54255.11555154323,50396.4,50396.4,61595.6
696.9663172553138,141.1351010763329,-45.90696208105092,0.8247686495758265,-0.6574849170249273,1.1029028077480312,3090.053654485984,693.6234112105296,-38.864339849620066,-6.471794325237113,-4.041185277827092,-8.825587321113916,54227.81914632321,50396.4,50396.4,61595.6
722.4397992231333,148.9911825654261,-45.36970704378895,0.8200618706981246,-0.6064885178105534,1.0310087051005437,3152.600882048661,753.4538581407766,-16.973205148090656,-4.821508520802482,-4.057335758091391,-6.043244639711036,52651.79118099213,50396.4,50396.4,61595.6
747.7348349273084,155.5483333663886,-44.9208341962356,0.8256277272906517,-0.5226670733825197,1.0723599136274473,3185.7326163747925,767.1637453767478,15.391363968697377,-5.815766223541429,-5.236434234910603,-7.3553556291478515,52651.776495456696,50396.4,50396.4,61595.6
773.480796622847,162.79253340879487,-45.04696637204871,0.8105367581102013,-0.4778548171850083,1.1077344514667198,3378.47173647665,836.1775607454067,13.283686629769829,-4.432240102957067,-5.426884904034141,-6.846399953609145,52651.04422125816,50396.4,50396.4,61595.6
799.6996259879485,170.75450314685307,-44.99935829354878,0.7467227159732497,-0.42593450962939805,1.1126041027019675,2995.4142843394447,784.1508833457522,37.58706731507293,-2.0214296477235134,-6.1302067849139945,-4.761241747026548,52242.32707953453,50396.4,50396.4,61595.6
826.0242470871873,178.4876655609858,-45.002977419722484,0.7708648025495962,-0.37892170599071695,1.1579617970575578,3035.4528310468254,807.1781713220813,27.460809038109044,-3.5078936203456417,-6.399681512023397,-4.951884635493918,52242.32707953453,50396.4,50396.4,61595.6
851.9121427921865,187.01021756628305,-45.10758587278656,0.7815109356648148,-0.3358964958003722,1.2068389370465873,3051.459733793854,844.7713987526192,30.28094758915479,-2.37759599450819,-6.836712567811996,-4.563155647288137,52242.326412010196,50396.4,50396.4,61595.6
878.0894099816566,196.1578657906867,-44.429027111947654,0.7778525664476671,-0.30131284670545305,1.2549520064828625,3075.9230127571377,897.947918962999,23.91616934402768,-0.5087948350138405,-6.954381833174315,-3.390394918157239,52242.326412010196,50396.4,50396.4,61595.6
904.5748880861483,205.37132794297267,-43.92523278692778,0.7831756963889247,-0.26670262612077544,1.3395315350601176,3099.3869315379034,927.0431960813078,28.016615225122223,-0.05903189647128295,-7.569207406233476,-4.150452287144486,52242.325744485854,50396.4,50396.4,61595.6
931.2165473139986,215.2257163039621,-43.25218528996889,0.8244198840399741,-0.21423841255537937,1.3770389558266545,3123.693607878236,995.3502018320463,39.11913669830949,-0.21503926620985644,-5.939721730313194,-3.083313685657776,52242.34009625912,50396.4,50396.4,61595.6
956.5408230097867,225.9014812342962,-41.88267720410718,0.7938907997837421,-0.1957738130361098,1.467338224501872,3112.92815383962,1026.3210784142207,52.75464367667155,0.4638322169548201,-5.542292720977143,-6.025857096028667,52075.55713789463,50396.4,50396.4,61121.224830651285
982.6287614129508,236.38483030150948,-42.79971487767264,0.8534999401563992,-0.11149586139016628,1.5205948212748686,3129.730518419926,1076.403257879168,19.194412726484146,-0.60157558154221,-5.708595790968971,-5.910605699442668,52049.90384383201,50396.4,50396.4,61250.23492307663
1008.6278528147988,247.64555407188269,-42.82638040326182,0.8791029631033946,-0.022415964264784188,1.5460476063057402,3135.072198905117,1133.5724090076424,26.772686942907097,-0.5935283447785829,-6.311267463128643,-5.441692475664962,52118.37615406513,50396.4,50396.4,61080.84461464882
1034.1109673622568,259.48042964832075,-42.74860275313656,0.8900253392880627,0.05384156327372012,1.5831539196550428,3123.7825103718815,1182.119345961037,27.454017628656022,-1.930018256343844,-6.49693486190053,-6.14138184966626,52705.568944215775,50396.4,50396.4,59745.32867207527
1059.2552317867905,272.2980423702965,-43.16339194459515,0.8502009852144623,0.07692373090287737,1.66938434824299,3104.9647771724367,1253.7655100753668,18.958639834392063,-0.7769648662281019,-5.866789509640144,-6.947716025687046,52701.46667339802,50396.4,50396.4,59741.52378334999
1084.9123407158797,284.9540020187062,-42.74784666499929,0.8887071322093503,0.19371954637169575,1.7118928611163222,3107.0086317956743,1306.1470606659582,34.88149473605584,-1.4954410252008676,-7.263669293447241,-6.604376582694465,52707.99639647007,50396.4,50396.4,59741.97870118618
1108.6823584987117,299.282823910798,-43.0904126884188,0.7917480210762358,0.17216835808294897,1.8584649979078411,3068.6483575286034,1378.7532017076023,17.030742891948393,0.3830704316083174,-5.76012865123641,-8.629065889312388,52678.34663419724,50396.4,50396.4,59716.8721095562
1133.3157350070662,312.59287840403647,-43.255105098263876,0.8410649049647321,0.26168349787175743,1.9130610856518169,3052.5403774682436,1425.6452626581329,11.09166278664972,-1.2380369321469629,-7.192509608035621,-7.4349756581634665,53719.9536134243,50396.4,50396.4,61595.6
1157.719078042815,327.32925058855005,-42.91047025643489,0.822231825120956,0.32772648218566447,1.9896625905720713,3016.396081135018,1497.715234104142,14.385437968552182,0.3224296916282653,-7.010624239891587,-8.352888258517833,53741.74961810112,50396.4,50396.4,61595.6
1181.5067366838493,342.5048863437497,-42.648006920524566,0.7860103507525223,0.4240090352907205,2.0616157585439114,2998.844546353943,1553.19477024792,-13.111402622939409,-0.04576060765070311,-8.520757208427963,-7.882588996973494,53597.53165245056,50396.4,50396.4,61542.25946521759
1204.1463812740265,357.75333304454597,-42.7717927972883,0.7432478218955013,0.5093999852973132,2.1343120055197455,2950.043854285058,1615.4770557434545,-0.5676434495053684,1.425982454590928,-8.497575243041604,-7.953500402978759,53578.71614394188,50396.4,52031.671417832375,61595.6
1226.5796504760535,373.3306099986265,-42.90626066003822,0.6686584207297636,0.5616881103488868,2.229361074067876,2902.9198744319683,1672.693586304038,-1.2987043570647359,2.9073366583699913,-7.780522810904519,-8.992693904530231,53291.886609959605,50396.4,52571.2163207531,61595.6
1248.5794166674348,389.2668741495586,-42.80371723922305,0.6205289798160215,0.6360046698084525,2.341284024235222,2856.4855753576253,1729.960595252301,-2.534848456898345,3.7616790835885494,-7.570349640949127,-10.28648152749391,50801.77918627262,50396.4,53702.71563180685,61595.6
1269.758633371081,405.71943938285995,-42.322524485957864,0.522681948464272,0.6504789118354777,2.490137155475191,2807.0587728078985,1775.7079134410276,15.470837700813675,4.286273747143454,-7.670282516166265,-10.997203551466221,50811.31577272415,50396.4,53686.69471393824,61595.6
1291.5474297004816,423.03433733588486,-42.410062567794654,0.40273993903004307,0.7622231179024808,2.6358391670588928,2752.973952488618,1846.8263428768441,1.4727845349177642,7.133013041555747,-7.363200965038958,-12.841000561562169,50799.40446844101,50396.4,53706.62765818834,61595.6
1311.6116312229099,439.93660068873805,-42.2886386394764,0.27304926611223745,0.7758727897401699,2.796901229470497,2703.336740875075,1869.1192284118304,9.361677698147844,6.706627793743834,-7.863442049645637,-12.55518367968535,50801.47245883942,50396.4,53703.23129435778,61595.6
1330.6006604149343,456.51435373095774,-41.347673222002264,0.1921749562817044,0.7339535385088765,2.931950975656226,2627.773338261056,1914.9424552834548,30.60278407095808,8.384923722242187,-5.811982886141109,-13.496586186688813,50803.08419635296,50396.4,53700.50612624884,61595.6
1349.1686082254578,473.37750548665133,-40.51866393636263,0.07163195697259044,0.7150785254275561,3.0651811862679916,2551.5280009010603,1944.811783842575,35.25051157016692,9.947785259845675,-5.112669759045114,-14.137323419852681,50815.219455051425,50396.4,53784.69880151749,61595.6
1367.741614135208,490.91867131233175,-39.6964842434125,-0.02266795916542726,0.6973248029378314,-3.0636782424252265,2482.0944324158677,1977.7030947818444,39.60863502246318,10.526514388985628,-3.6856125768665393,97.84050710193397,51425.03330996037,50396.4,53036.484789323804,61595.6
1386.650663128759,508.17522481490846,-39.74169876928228,-0.14350372626530916,0.7040008611619664,-2.847500367929996,2438.105291430261,2002.0656839842936,35.28303400435401,11.813569587523444,-2.6889956100300894,57.91438682313674,51434.63197617531,50396.4,53036.362632369994,61595.6
1404.2273655926413,525.144843138793,-39.876522163572304,-0.23713530833800953,0.6808430157216324,-2.6510874781896696,2369.231393330633,2019.2060925308974,36.16318211674191,11.720090886731931,-1.7368111485883388,56.715367587644515,51965.152951335906,50396.4,53209.139291763306,61595.6
1420.0378295692396,541.8393371464682,-39.50434569686396,-0.32859587832546977,0.6233505963023892,-2.5199616857399945,2279.4390389031264,2029.7519114087747,44.71267382815025,12.525343905733155,0.4099579464260675,56.655074977564745,51965.21469733715,50396.4,53209.18234708309,61595.6
1435.8034882244935,558.4280653702261,-38.65668752148036,-0.3679635828667162,0.5407521819125196,-2.4100584612917237,2217.8649881488773,2035.9252689090913,48.55076413501094,11.643604659824712,1.141846009012696,57.268715985011156,50396.4,50396.4,54195.95854344368,61595.6
1451.7139739772438,573.9217527549044,-37.4313883175497,-0.4737653011704919,0.47182182642564946,-2.288999770865904,2137.8466549722157,2005.0246894534241,67.82442979643295,11.93101722973591,3.8164995996170616,57.405342738073024,50396.4,50396.4,54195.959044086936,61595.6
1467.10056887227,589.846822440406,-36.88264754738293,-0.4941984315871426,0.403633335309043,-2.1790441470170165,2072.120996314627,1993.9395973863418,73.81013023096709,9.814817013875665,5.127519907260924,58.24131229764248,50396.4,50396.4,55396.848469617966,61595.6
1481.8564622810072,605.0622847028195,-36.586086019440124,-0.5372861496470758,0.3397103597563096,-2.092234121359808,2015.0126697084393,1975.046855770984,63.89247131224033,9.735317575359645,5.227706076835125,58.96997974657857,50396.4,50396.4,55961.40909741819,61144.938298988345
1495.9670614286638,619.5453672821484,-35.895674895350346,-0.5499509494969463,0.2787823031135854,-1.9963359338180746,1957.6830687829126,1946.1598319760208,64.55141339438683,8.10078317356177,5.707645342562342,96.9359728879417,50396.4,50396.4,55958.0510327965,61152.00471162796
1510.2215796354849,633.9550592412006,-35.63161219814083,-0.5636519672455791,0.20335386000287525,-1.8872726908077795,1908.740989205556,1906.4341279162,50.09155357129846,7.29902880605291,6.340165624538924,-16.068313324442517,50396.4,50396.4,56140.20499064624,58784.68071334362
1523.9901888403274,647.6110261160068,-35.34309638841136,-0.5725607879314312,0.13603106715242763,-1.834738430894179,1836.1461785511674,1856.983126805324,53.70538306308769,5.763927156544779,7.358521357859155,-13.646826142353365,50396.4,50396.4,56140.202320548895,58784.6701998353
1537.7027710520597,660.3631265168137,-34.82748937863818,-0.5818518928748082,0.06153817187255383,-1.6808531015683277,1778.8431426430052,1799.2989669871415,65.91509427809872,4.741109064026608,8.223570014383645,-13.35287925010926,50396.4,50396.4,56140.202320548895,58784.6701998353
1551.5038920533777,673.5585069581557,-34.57459208006503,-0.5276905561906884,0.03925684491648125,-1.5675956076519406,1754.9934277490888,1759.3346897308488,65.76037624532759,2.300374341525383,7.638403464706549,-12.767357247244593,50396.4,50396.4,56140.202320548895,58784.6701998353
1566.3394810041589,684.5821080402718,-33.81844048606694,-0.44716072590742767,0.0636125530847047,-1.4578167114595373,1750.908361577172,1672.9522428413147,69.94766921253351,1.1019970446116276,5.993123429845659,-12.811926517695577,50396.4,50396.4,56140.202320548895,58784.6701998353
1579.6839114723161,695.8966119812062,-33.628118420083396,-0.42774524203115655,0.02105201354657997,-1.3822906481079433,1708.0254021199696,1627.1357524742366,50.07361578649747,-0.5461348304297472,6.073731938477221,-11.993399596298417,50396.4,50396.4,56140.202320548895,58784.6701998353
1592.5857631602448,707.3108818841657,-32.88982816383282,-0.4694121416537672,-0.07128857990205914,-1.323506172467734,1671.7688020356923,1569.3471063173558,54.12294330776167,0.21109222689475837,6.636644396541461,-11.140022702375898,50396.4,50396.4,56140.202320548895,58784.6701998353
1606.2554626382366,718.667131429839,-32.43050114815794,-0.4321372941311308,-0.1250525452708456,-1.2181618703776214,1659.469796040643,1518.2941534742458,56.76544729397419,-1.4094465522279354,6.265306992394927,-11.696321949577314,50396.4,50396.4,56140.202320548895,58784.6701998353
1620.9715900989443,726.9779591877905,-31.422581962126316,-0.44287560540260246,-0.14248521284825358,-1.3367850887862218,1673.8782180485382,1425.5142211697275,61.309006498135204,-1.1382681550115001,5.612376855670776,-7.857250287992402,50396.4,50396.4,55799.30306488574,58470.45898439884
1633.6475660055564,737.721012109474,-31.32032920628584,-0.5171452182031283,-0.2453927528267632,-1.2865131220983685,1639.7793471095865,1391.5855531982193,54.0800072956795,-0.05901038759114163,6.406341350929404,-7.825952184121656,50396.4,50396.4,55799.44399596155,58469.91812280416
1646.8258545954982,747.1683588378415,-31.509407446145076,-0.4609765832911821,-0.3143516399764876,-1.1303255018612655,1635.3732138720939,1327.884675437064,47.963439926679115,-1.6202756354944043,6.265303180124572,-10.31339284577269,50396.4,50396.4,55799.44399596155,58469.91812280416
1662.6144718889389,757.0452657512395,-32.189526712014526,-0.36078245656527264,-0.2781738578380259,-0.876963336851791,1676.478839811102,1298.6193949415494,29.092220195705977,-3.578966016174603,3.9931656254326215,-11.846395130153608,50396.4,50396.4,55799.44399596155,58469.91812280416
1678.1504133198275,765.5965938054399,-31.03037464376758,-0.2987758876698712,-0.21454419336703878,-0.7796672360068836,1701.9874374874162,1221.9066169853081,54.02243120903963,-3.6021944173217797,2.517700223566977,-10.697590441964547,50396.4,50396.4,54440.725199449065,57547.133145797256
1692.0832112614546,773.3586638535338,-30.7078440565398,-0.2825470910921965,-0.2874738871651287,-0.7694154256568537,1672.5881335462552,1179.7781136933143,40.40427307359366,-2.1892293005064483,4.90597868301529,-8.775482671841944,50396.4,50396.4,54071.01584368944,56856.3108735919
1707.4083998719498,779.593482574436,-30.368611657992425,-0.30576505526753794,-0.38556262342996045,-0.8849784142315009,1702.0561025861468,1110.256978861929,45.57921707387938,-1.0744530583757106,6.02195162199931,-5.627075728910681,50396.4,50396.4,53525.98071997166,55856.94022436887
1723.3321904991906,787.9572924350576,-29.258260377604927,-0.24018937386014474,-0.34613243077069217,-0.7827715811453633,1746.5180686987446,1086.0772830484718,52.99688321110896,-3.3677763871036475,3.384128846680705,-7.7341219069259495,50396.4,50396.4,52227.76169848442,55749.07592619509
1737.3814518528477,796.3101068573062,-29.943798399923242,-0.18306782792599613,-0.4099407038152804,-0.6289504865931729,1746.1042034615216,1031.6975582108078,31.774719961096174,-3.267133002437677,3.9061035462651943,-7.281723862274921,50396.4,50396.4,52227.75969591141,55749.071336965266
1752.726220320232,804.4162578616445,-30.563176837450527,-0.17322367018064727,-0.4023347823208213,-0.42020627799765725,1749.180028899431,1042.3548076423785,7.210107405988602,-2.8492704923324004,3.690004544575116,-12.553042781162986,50396.4,50396.4,52235.251321554184,55768.179471455514
1768.8051691975916,813.8196079838884,-30.29580040197972,-0.18239094216146962,-0.23624908307509446,-0.1874207542581528,1797.4346631082299,1026.287331596642,12.764134825342907,-4.299059490086647,-0.6924849095960403,-15.522947277942237,50396.4,50396.4,52229.65880265236,55753.92056751698
1785.7646258261993,820.5233968161796,-30.238867911459675,-0.1173017101993152,-0.2770607286447528,-0.15033731882857757,1863.7536983007042,979.7446302141913,11.507353764128377,-5.1157986292307855,-0.4196877553936377,-13.502531799026553,50452.80380396843,50396.4,52483.96621713638,56262.80248966068
1801.9397147493955,828.1382192784932,-30.102269101938113,-0.0852513297530487,-0.26253605863353113,-0.074143949367614,1862.1690964499896,950.1123454261284,32.82159658752801,-3.8707152177966955,-0.6565795973471901,-10.67476947164535,52552.890107584,50396.4,51441.76247115135,55226.35820624232
1818.8396704480715,835.0103994770731,-29.795907340881918,-0.08263614454442755,-0.24300970991973936,-0.015530707821092754,1873.2676073807463,920.7711695396414,18.5869617243318,-2.706740808223098,0.6620062691381958,-9.582828649608796,53106.33286721706,50694.59246702194,51295.26958255768,55095.57249907851
1835.8942618719163,842.5216442418281,-29.025651216859416,-0.07080441068182665,-0.20422460064832532,0.11670502112855631,1920.0112875315804,912.4321455734749,26.84324521158385,-2.472594783047995,-0.6431696762411347,-10.73348180367493,53106.33286721706,50694.592800784114,51295.26958255768,55095.57233219743
1852.4290575050115,850.0278426966773,-29.835679475454437,-0.09834645986923324,-0.20778517173850974,0.13500563856034514,1934.999409158757,940.4323713597205,8.197124321210701,-2.717224938099576,-2.3485471497119117,-12.962853336609715,53106.641930985454,50696.81098415852,51296.536543750764,55098.792803364995
0.0,0.0,1.5,0.0,0.0,0.0,-31710.26506289841,-14505.537678867262,552.9999732500759,-3.8150805211420282,-5.017450561411836,-9.50615170969543,59987.33428053856,61595.6,60713.07508461476,50396.4
1886.6051436873252,867.8686129292366,-43.81006361329024,0.7239248268717514,-0.9349748963151884,0.4573375938412255,13202.383774941985,6114.550656464615,-441.97183486530923,-15.28652576527557,11.864624158923272,-17.031947779833224,51820.6512878418,50396.4,52303.25369465351,61595.6
1906.8861073673781,875.1939127252144,-41.30769955604528,0.6625409591110839,-0.9404835202021633,0.21262499128767323,2068.07811991023,949.7037578721709,-112.3158296668424,-9.605868713051834,5.494322402423593,-7.522412758539678,53497.282179880145,52032.71208827496,52091.76429505348,56849.46340893507
1923.7294227639527,881.9541503578504,-42.937935929254884,0.6001342693132892,-0.8382046458278847,0.2233473508793543,2061.9076749474275,898.3986672771065,-161.14544962343936,-9.406397790683263,6.8546633802057615,-5.2160520317776236,54669.146270436046,54256.21362907886,52664.93206510544,56042.312025009094
1939.7518704320728,887.99489686979,-43.20449372484359,0.7088082487220883,-0.7797843182856551,0.3341100727859398,2041.0321548183813,891.5914144888454,-156.36726367700982,-10.757665666187233,5.595013090370119,-6.935105247579503,54669.146270436046,54256.21362907886,52664.93206510544,56042.312025009094
1954.9616390019291,891.8236095373995,-39.87125741457632,0.8500136543246755,-0.43094220012900264,0.3122301963105492,2028.9214366415974,828.4300403040128,-95.39027132371773,-12.08610335379994,-0.1893371032770072,-4.856889938564742,54669.146270436046,54256.21362907886,52664.93206510544,56042.312025009094
1971.7012077666172,898.6629137802742,-41.09602733199796,0.8624185907342542,-0.3590368663489652,0.3292568681546237,2037.1034089537475,849.9334656841918,-138.32852265378733,-11.486076844977259,0.7281832188420015,-5.033025316470939,54669.146270436046,54256.21362907886,52664.93206510544,56042.312025009094
1989.8332694643054,904.1457939209215,-41.81542949144526,0.847648260578208,-0.2825297700507145,0.36156652625728525,2055.2692350933708,817.4242677221009,-162.65392180328405,-10.767557779059699,0.5019828815802725,-3.2419997147514494,54669.146270436046,54256.21362907886,52664.93206510544,56042.312025009094
2007.2378964506286,910.1329398082668,-43.77446665178794,0.7977236728229871,-0.26112802720397893,0.37037402122957863,-9152.440515764725,-4342.9830155169175,8.99440777466848,-11.043372824990717,-0.7350072219258426,-2.067231730502491,58027.52220878601,61595.6,58936.10627303123,50396.4
2028.8403571802153,912.2958757828002,-38.831762243769234,-0.213561948628154,0.09855903414995441,0.9728322003175542,35795.329912664056,16167.739802816222,-726.1853021568601,4.286908151014186,2.269018599968078,-18.032761041385857,53112.9764031887,50396.4,52326.35771327019,61595.6
2045.7069228406874,919.223892472141,-41.31545739036244,-0.30850538174941594,0.11988802539507197,1.0620875965489158,2132.106525883498,701.7832534267634,30.047288139044127,13.327126308745587,-12.753277264671981,-6.324256794559139,53106.335537314415,50694.59880850315,51295.27158513069,55095.56999586224
2062.0719377866217,924.7570954367515,-43.44909543393399,-0.4243115369202296,0.13110060978856336,1.1805636644284754,2061.4799470859753,668.518836121923,-48.279997035351485,14.11150702218741,-13.53995831249534,-12.390454642517069,54306.5032438755,53420.78055315018,52286.868976020814,54471.316004157066
2076.9330929804855,930.5689487434229,-46.06754168579404,-0.46995107070616454,0.19147682029324473,1.3029842398860834,2023.7456597702974,654.493179538536,-54.865293363162394,12.462817406496258,-13.06895682173502,-14.35474245226591,54306.5032438755,53420.78055315018,52286.868976020814,54471.316004157066
2094.013824709151,934.1886654292975,-45.93369127318205,-0.518695642147135,0.22739225347426212,1.4427667543163252,2044.8864531160666,599.0157988349965,-11.94785024278599,14.175281685460982,-14.394664169145026,-14.011296006093733,54306.5032438755,53420.78055315018,52286.868976020814,54471.316004157066
2127.9798133141953,940.8170716085242,-49.789816921918934,-0.3804720468607149,0.4232038015960811,1.368673341645148,2380.4514359655896,668.7278073861037,-149.5080874850625,13.862057224048694,-11.856053312112143,-12.33491729905257,55058.63203598857,53015.110660028455,50396.4,55249.678502744435
2161.534763304896,947.7197376952632,-51.94751179953565,-0.4301604340459287,0.46435563021535003,1.3896682725167457,2588.124736589677,662.9951643441873,-147.48039583283634,15.897700601409756,-10.586663508276901,-13.04476438619102,55059.754478162526,53012.26066486836,50396.4,55249.18853988052
2175.9622489902663,956.2482449000986,-56.55098606555693,-0.6941076015933664,0.32468089841339143,1.2830845707129512,2424.5404303416917,712.3233303032089,-216.20174744752381,20.384300877874843,-6.576890087837933,-10.471559292478984,55956.86563473344,56452.054838737844,52300.18441774845,53957.81289446354
0.0,0.0,1.5,0.0,0.0,0.0,-37013.01348697162,-16646.107131252596,921.2557426629089,11.475752193022492,-3.3435733040909987,8.528246604504798,59499.954068279265,61595.6,60369.652169752124,50396.4
0.0,0.0,1.5,0.0,0.0,0.0,-24244.88489219975,-10905.982409257558,469.0789760456716,-1.9930827848102766,1.054734462328748,11.13845402642248,59499.954068279265,61595.6,60369.652169752124,50396.4
0.0,0.0,1.5,0.0,0.0,0.0,-24450.292984412645,-10997.48749187803,500.9836604229199,-3.007227649968109,1.3713807983799156,12.034194751309636,59499.954068279265,61595.6,60369.652169752124,50396.4
0.0,0.0,1.5,0.0,0.0,0.0,-24655.69632227628,-11062.21402540099,523.6784676960476,-4.817901240327147,1.2109500544346719,13.432240520396055,59499.954068279265,61595.6,60369.652169752124,50396.4
0.0,0.0,1.5,0.0,0.0,0.0,-24820.712725393834,-11145.109084805827,571.6136027052005,-5.346945419828151,2.082229244432832,14.797115792051551,59499.954068279265,61595.6,60369.652169752124,50396.4
0.0,0.0,1.5,0.0,0.0,0.0,-24924.36996487954,-11170.49354807621,546.0675413857633,-7.053689277484142,1.5538377529602314,17.757761527822964,59499.954068279265,61595.6,60369.652169752124,50396.4
0.0,0.0,1.5,0.0,0.0,0.0,-25334.428059826143,-11248.388862781856,602.531633797327,-4.267534239217296,4.83153464743736,16.298110514512192,59499.954068279265,61595.6,60369.652169752124,50396.4
0.0,0.0,1.5,0.0,0.0,0.0,-25851.85224554653,-11321.465809114148,613.7492959983001,-3.578242203266518,6.410315953395953,17.315521481023715,59499.954068279265,61595.6,60369.652169752124,50396.4
0.0,0.0,1.5,0.0,0.0,0.0,-39167.32048182479,-17212.468408201774,1044.9177491800247,-12.493936828680594,5.844256171441046,23.095522272833122,59499.954068279265,61595.6,60369.652169752124,50396.4
0.0,0.0,1.5,0.0,0.0,0.0,0.0,0.0,0.0,0.0,0.0,0.0,61595.6,61595.6,61595.6,61595.6
2382.0404726253932,931.0186893964304,-48.01138442153297,1.0228872606630957,0.3622181348607631,-0.20737094120066926,42876.72850725708,16758.336409135747,-891.2049195875936,-18.41197069193572,-6.519926427493736,3.732676941612047,53562.07576348782,50396.4,52661.52535464764,61595.6
2398.3594330385736,927.2567487448447,-46.669341929934575,1.0835028073046507,0.16360264323369925,-0.38426114285680874,28878.226958941967,11104.50934102862,-569.9798482096245,-13.365726967505136,-0.7715387690420078,5.672474924218542,53761.461945557596,50396.4,51932.75666017532,61595.6
2413.68447486286,920.6840824860049,-45.50881112611063,1.053345899528002,0.2645850694667431,-0.40514972574604846,29056.16394930004,11008.77299227902,-557.1425486903838,-12.459209347676133,-3.78091539099918,4.98712820628802,53761.461945557596,50396.4,51932.75666017532,61595.6
0.0,0.0,1.5,0.0,0.0,0.0,-14482.106849177162,-5524.10449491603,282.0528667566637,6.320075397168011,1.5875104168004586,-2.43089835447629,59499.954068279265,61595.6,60369.652169752124,50396.4
0.0,0.0,1.5,0.0,0.0,0.0,0.0,0.0,0.0,0.0,0.0,0.0,61595.6,61595.6,61595.6,61595.6
0.0,0.0,1.5,0.0,0.0,0.0,0.0,0.0,0.0,0.0,0.0,7.105427357601002e-16,61595.6,61595.6,61595.6,61595.6
2467.0646084612663,887.5674793405894,-37.759007475971636,-1.5585011367812431,1.4664149518619352,2.3093605889162507,44407.162952302795,15976.21462813061,-706.6621345674894,28.053020462062374,-26.39546913351483,-41.56849060049252,53761.461945557596,50396.4,51932.75666017532,61595.6
2485.099774737527,876.3768481071503,-33.88279345307453,-2.71915238409641,1.4831787207796485,-2.854451069395332,29929.408294507884,10449.378389885169,-401.33623729951165,39.59373609304792,-17.898727262862064,65.23628278261349,52851.87993242741,50396.4,50473.92627658844,61595.6
